family,setting,frame,outcome,rmse,rmse_mcse,mean_bias,mean_absolute_bias,n
classic_factor,NN=200;a=0,aug-d-balance,MCPanel,0.07372003119539813,0.0035350964643741075,0.001985666768837748,0.060055240078733564,200
classic_factor,NN=200;a=0,aug-d-balance,VAR,0.1532208317610916,0.006829490583786427,0.018420551175515585,0.123641682609215,200
classic_factor,NN=200;a=0,aug-d-balance,fe,0.07452201149471371,0.0034613230172894863,0.0009622562407449852,0.06065033504457741,200
classic_factor,NN=200;a=0,aug-d-balance,gsynth,0.07361304081103119,0.003876409920956681,-0.0025183231153524128,0.0591574566282579,200
classic_factor,NN=200;a=0,aug-d-balance,ife,0.11981262471342906,0.024731484051128766,-0.010643148484945053,0.07340397490151719,200
classic_factor,NN=200;a=0,aug-d-balance (individual),MCPanel,0.07133244408909883,0.0032338142700824887,0.0036307379741614813,0.058883342891328266,200
classic_factor,NN=200;a=0,aug-d-balance (individual),VAR,0.14708726554608606,0.0066836588111639,0.018706379269773324,0.1180761176150239,200
classic_factor,NN=200;a=0,aug-d-balance (individual),fe,0.07136208707004045,0.003082756793876279,0.0024118132636018856,0.05914408098967268,200
classic_factor,NN=200;a=0,aug-d-balance (individual),gsynth,0.07114962465740243,0.003481858503833813,-0.0005502696743562846,0.05791112084187207,200
classic_factor,NN=200;a=0,aug-d-balance (individual),ife,0.11764963018580805,0.024344057451109402,-0.008740701641345107,0.07249400565597794,200
classic_factor,NN=200;a=0,aug-d-balance (residual individual),MCPanel,0.08825970111778073,0.0041600553229351215,0.012149751134889315,0.0708060124694382,200
classic_factor,NN=200;a=0,aug-d-balance (residual individual),VAR,0.1386543848952521,0.006713918700867765,0.01889213796986075,0.11019765134990311,200
classic_factor,NN=200;a=0,aug-d-balance (residual individual),fe,0.07135281988281375,0.003082157157534421,0.0024133642393913907,0.05913697667652582,200
classic_factor,NN=200;a=0,aug-d-balance (residual individual),gsynth,0.05603465480226606,0.00260487014692075,-1.1195529537978422e-05,0.04535546906840526,200
classic_factor,NN=200;a=0,aug-d-balance (residual individual),ife,0.10869885172558287,0.025767277526528173,-0.008497592030412435,0.06035012682132462,200
classic_factor,NN=200;a=0,aug-d-balance (residual),MCPanel,0.0842897373398638,0.004053058546788043,0.011604011981768959,0.06735253361946207,200
classic_factor,NN=200;a=0,aug-d-balance (residual),VAR,0.13323808216592606,0.006455978103989746,0.018142830147124776,0.10598971646256211,200
classic_factor,NN=200;a=0,aug-d-balance (residual),fe,0.07449947315074162,0.0034602650040296704,0.0009579610153173751,0.06063287372901792,200
classic_factor,NN=200;a=0,aug-d-balance (residual),gsynth,0.05639714880650937,0.0026227423193624826,-0.0005177121823409265,0.04571670790516222,200
classic_factor,NN=200;a=0,aug-d-balance (residual),ife,0.10905518742799544,0.025752836127725262,-0.008907945264888322,0.06084970999193071,200
classic_factor,NN=200;a=0,d-balance,fe,0.07452201149471367,0.0034613230172894837,0.0009622562407449902,0.060650335044577404,200
classic_factor,NN=200;a=0,outcome,MCPanel,0.09325260082452469,0.004524853545515277,0.01219359191626225,0.07396320113680391,200
classic_factor,NN=200;a=0,outcome,VAR,0.16360057361267302,0.007972555363784542,0.02315071289611172,0.12904262843997588,200
classic_factor,NN=200;a=0,outcome,fe,0.4535907927054513,0.020302407721750643,0.06051287316761127,0.3653326224934618,200
classic_factor,NN=200;a=0,outcome,gsynth,0.05577114926122462,0.0026770727134629293,-0.00039766110979122136,0.04517374972387699,200
classic_factor,NN=200;a=0,outcome,ife,0.1086460198804487,0.02591280267754246,-0.008802006012157653,0.06018931584715631,200
classic_factor,NN=200;a=0,u-balance,fe,0.06724252314584574,0.003117310214883846,0.007365922915459391,0.05394807375176255,200
classic_factor,NN=200;a=1,aug-d-balance,MCPanel,1.7377767327505125,0.03414141087965092,1.6775680838230034,1.6775680838230034,200
classic_factor,NN=200;a=1,aug-d-balance,VAR,1.1319383435043133,0.029478524305927765,1.0492380464408095,1.0562627673038745,200
classic_factor,NN=200;a=1,aug-d-balance,fe,0.677445398392318,0.016176878861287467,0.6444526318004523,0.6444526318004523,200
classic_factor,NN=200;a=1,aug-d-balance,gsynth,0.15633545319016542,0.007264482891749337,0.06351699578664056,0.1259429337446533,200
classic_factor,NN=200;a=1,aug-d-balance,ife,1.818507224916736,0.09657354416557552,1.264792041965783,1.2865276070233136,200
classic_factor,NN=200;a=1,aug-d-balance (individual),MCPanel,1.6980571859917812,0.034549022825019565,1.634694809555131,1.634694809555131,200
classic_factor,NN=200;a=1,aug-d-balance (individual),VAR,1.1428933381521782,0.029883906232399293,1.0592027429260913,1.065436750871048,200
classic_factor,NN=200;a=1,aug-d-balance (individual),fe,0.5881672996449807,0.017043432833118613,0.5428471101513155,0.5428471101513155,200
classic_factor,NN=200;a=1,aug-d-balance (individual),gsynth,0.18036838952417805,0.007285494927684003,0.0761094366408323,0.1490608390573816,200
classic_factor,NN=200;a=1,aug-d-balance (individual),ife,1.824696105914215,0.09646699842159871,1.2768955811297318,1.3033196925238446,200
classic_factor,NN=200;a=1,aug-d-balance (residual individual),MCPanel,2.506288706122943,0.03544567707785993,2.460100669617852,2.460100669617852,200
classic_factor,NN=200;a=1,aug-d-balance (residual individual),VAR,1.3082354291876737,0.02903374848382388,1.2461655523494024,1.24932831423271,200
classic_factor,NN=200;a=1,aug-d-balance (residual individual),fe,0.5854684252038517,0.0170784088056829,0.5395326169442869,0.5395326169442869,200
classic_factor,NN=200;a=1,aug-d-balance (residual individual),gsynth,0.09096672985179204,0.00511458122955292,0.012208353969715029,0.07174516081460183,200
classic_factor,NN=200;a=1,aug-d-balance (residual individual),ife,1.7910739235179394,0.0974701737528509,1.2181501214372994,1.2434779086441339,200
classic_factor,NN=200;a=1,aug-d-balance (residual),MCPanel,2.386161707888105,0.03420447266636268,2.34102401441578,2.34102401441578,200
classic_factor,NN=200;a=1,aug-d-balance (residual),VAR,1.23783375540935,0.02833434036531762,1.1754718526456887,1.1785712526132988,200
classic_factor,NN=200;a=1,aug-d-balance (residual),fe,0.670820716728099,0.01616930233571589,0.6374659642683818,0.6374659642683818,200
classic_factor,NN=200;a=1,aug-d-balance (residual),gsynth,0.09196324020432035,0.005262911142504456,0.012423520130473436,0.07225159302940815,200
classic_factor,NN=200;a=1,aug-d-balance (residual),ife,1.791090308850492,0.09742114905241708,1.21840978031982,1.243929620879183,200
classic_factor,NN=200;a=1,d-balance,fe,0.6774453983923181,0.01617687886128747,0.6444526318004524,0.6444526318004524,200
classic_factor,NN=200;a=1,outcome,MCPanel,2.532404311623362,0.03518554299343771,2.487162225317092,2.487162225317092,200
classic_factor,NN=200;a=1,outcome,VAR,1.550827997174202,0.032457918458704035,1.4853202127285443,1.4880014099534866,200
classic_factor,NN=200;a=1,outcome,fe,6.857488990454288,0.03399313151082622,6.840622606651312,6.840622606651312,200
classic_factor,NN=200;a=1,outcome,gsynth,0.09085940923449855,0.0052022262586269,0.011438861273644074,0.07184948322278667,200
classic_factor,NN=200;a=1,outcome,ife,1.7907786982764378,0.09747977413224043,1.217852758059098,1.2433770065916845,200
classic_factor,NN=200;a=1,u-balance,fe,2.47214586178786,0.034999891865189495,2.4232990038829776,2.4232990038829776,200
mixed_factor,NN=200;a=0,aug-d-balance,MCPanel,0.08785296739408316,0.005764774381166509,-0.001780651175220741,0.06699269382215155,200
mixed_factor,NN=200;a=0,aug-d-balance,VAR,0.2222424272271695,0.012695339396733845,-0.009596564235184317,0.17247970111756367,200
mixed_factor,NN=200;a=0,aug-d-balance,fe,0.08714314487464872,0.005590061248166323,-0.0024436927552885933,0.06668081064495146,200
mixed_factor,NN=200;a=0,aug-d-balance,gsynth,0.07005666507687397,0.0036508213582331574,0.0008008641835400882,0.05604991345922996,200
mixed_factor,NN=200;a=0,aug-d-balance,ife,0.06968346493116079,0.003606170128481672,0.0009251906394055298,0.05582267111349482,200
mixed_factor,NN=200;a=0,aug-d-balance (individual),MCPanel,0.08358503336590448,0.005046695570289155,-0.0030446592929342397,0.064976165103347,200
mixed_factor,NN=200;a=0,aug-d-balance (individual),VAR,0.21235952178118953,0.01202683109566321,-0.009843128151010138,0.16599664193089533,200
mixed_factor,NN=200;a=0,aug-d-balance (individual),fe,0.08545329378612863,0.004636282992065221,-0.0036458853573595284,0.06584587839474774,200
mixed_factor,NN=200;a=0,aug-d-balance (individual),gsynth,0.06634660545698898,0.0034150382682237163,-0.0008156173298134806,0.052121743622768814,200
mixed_factor,NN=200;a=0,aug-d-balance (individual),ife,0.06600207401154023,0.003395946197620427,-0.0007010465560798085,0.05185843009241257,200
mixed_factor,NN=200;a=0,aug-d-balance (residual individual),MCPanel,0.12440885007266306,0.007392720926788617,-0.008281863916861006,0.09690025240081797,200
mixed_factor,NN=200;a=0,aug-d-balance (residual individual),VAR,0.24088766014930996,0.013118156428843246,-0.015546717911470456,0.18942743290171607,200
mixed_factor,NN=200;a=0,aug-d-balance (residual individual),fe,0.08541616519487144,0.004632987608122141,-0.003634526507443913,0.06582122576682989,200
mixed_factor,NN=200;a=0,aug-d-balance (residual individual),gsynth,0.05275530535218215,0.002403147019663121,-0.0011503753927884258,0.043377390412741405,200
mixed_factor,NN=200;a=0,aug-d-balance (residual individual),ife,0.05267591204087451,0.002384502832426442,-0.0010902588511014471,0.04335860684621063,200
mixed_factor,NN=200;a=0,aug-d-balance (residual),MCPanel,0.11952196571036139,0.007067037925381384,-0.007505033986626109,0.09322997216766929,200
mixed_factor,NN=200;a=0,aug-d-balance (residual),VAR,0.24080936314320855,0.013090369898362651,-0.01573527719030447,0.18919199845151147,200
mixed_factor,NN=200;a=0,aug-d-balance (residual),fe,0.08706015436273333,0.005584762828927414,-0.0024262538132538685,0.06662072708385462,200
mixed_factor,NN=200;a=0,aug-d-balance (residual),gsynth,0.05296937083445894,0.0024465016555255867,-0.0010126932646954817,0.04322265795544721,200
mixed_factor,NN=200;a=0,aug-d-balance (residual),ife,0.05282615446359938,0.002407618916764008,-0.0008508925977755505,0.04328249493474428,200
mixed_factor,NN=200;a=0,d-balance,fe,0.08714314487464876,0.0055900612481663255,-0.0024436927552886067,0.06668081064495152,200
mixed_factor,NN=200;a=0,outcome,MCPanel,0.13010982879003702,0.00780036997245088,-0.00905863561345483,0.10124516576088086,200
mixed_factor,NN=200;a=0,outcome,VAR,0.274828625127862,0.014813510920723746,-0.013738867362466161,0.21595896358083613,200
mixed_factor,NN=200;a=0,outcome,fe,0.41420837627223955,0.023070125584450173,-0.027758865110960772,0.32180700873528273,200
mixed_factor,NN=200;a=0,outcome,gsynth,0.053299837729571954,0.002461152784917738,-0.0018313381675009028,0.04381563474097292,200
mixed_factor,NN=200;a=0,outcome,ife,0.053198058413802735,0.0024390642134639526,-0.0017347188386986007,0.04376673320598441,200
mixed_factor,NN=200;a=0,u-balance,fe,0.10279552076562995,0.006781867173725219,-0.007517968543676741,0.07873428338681063,200
mixed_factor,NN=200;a=1,aug-d-balance,MCPanel,1.2395160793955446,0.020739796529308158,1.2079908975469764,1.2079908975469764,200
mixed_factor,NN=200;a=1,aug-d-balance,VAR,0.4158499763508733,0.020746461594230017,-0.09271765011686195,0.3328338827416459,200
mixed_factor,NN=200;a=1,aug-d-balance,fe,1.8070343799270474,0.021535084824854663,1.7809676008416817,1.7809676008416817,200
mixed_factor,NN=200;a=1,aug-d-balance,gsynth,0.1872106986040025,0.008096490526796276,0.13276694296036057,0.15572047663993496,200
mixed_factor,NN=200;a=1,aug-d-balance,ife,0.1580600283677723,0.006659384859348189,0.11041470420986138,0.13041215685838634,200
mixed_factor,NN=200;a=1,aug-d-balance (individual),MCPanel,1.168799470213293,0.022117429346384915,1.1294808231738112,1.1294808231738112,200
mixed_factor,NN=200;a=1,aug-d-balance (individual),VAR,0.40926469977256774,0.022514455973317356,-0.034996002152459134,0.3227340747522669,200
mixed_factor,NN=200;a=1,aug-d-balance (individual),fe,1.550957369968005,0.02846538539690228,1.4938834281333526,1.4938834281333526,200
mixed_factor,NN=200;a=1,aug-d-balance (individual),gsynth,0.20311797034971413,0.008480555583895665,0.12708870284095714,0.16563300270738693,200
mixed_factor,NN=200;a=1,aug-d-balance (individual),ife,0.1859488336078267,0.007870014448334541,0.11075914833550246,0.1515230889886854,200
mixed_factor,NN=200;a=1,aug-d-balance (residual individual),MCPanel,1.6090730427811886,0.021039547066316024,1.5836810651894342,1.5836810651894342,200
mixed_factor,NN=200;a=1,aug-d-balance (residual individual),VAR,0.41779969967872865,0.025548852220224065,0.18897055258721365,0.318368253191678,200
mixed_factor,NN=200;a=1,aug-d-balance (residual individual),fe,1.5377127480086241,0.02879314104921018,1.4788630671636853,1.4788630671636853,200
mixed_factor,NN=200;a=1,aug-d-balance (residual individual),gsynth,0.08997459956553763,0.0037655585669948656,0.025892344813460363,0.07465033813560536,200
mixed_factor,NN=200;a=1,aug-d-balance (residual individual),ife,0.090087753992567,0.003672058799591899,0.02562913487202792,0.07481080380316137,200
mixed_factor,NN=200;a=1,aug-d-balance (residual),MCPanel,1.5066465181082778,0.020077031827900972,1.4820499226757802,1.4820499226757802,200
mixed_factor,NN=200;a=1,aug-d-balance (residual),VAR,0.4333704117133548,0.025770398639389642,0.2266402801265759,0.33408402157234607,200
mixed_factor,NN=200;a=1,aug-d-balance (residual),fe,1.7968935155606929,0.02175114125372253,1.770075833819693,1.770075833819693,200
mixed_factor,NN=200;a=1,aug-d-balance (residual),gsynth,0.0909740913388434,0.0037767529108978055,0.02712084988184024,0.07574961572563045,200
mixed_factor,NN=200;a=1,aug-d-balance (residual),ife,0.0904058435176876,0.0037018171563974653,0.02590268479903493,0.07488095901789465,200
mixed_factor,NN=200;a=1,d-balance,fe,1.8070343799270474,0.02153508482485467,1.7809676008416817,1.7809676008416817,200
mixed_factor,NN=200;a=1,outcome,MCPanel,1.6357024667769007,0.021016128743465142,1.6108014693856216,1.6108014693856216,200
mixed_factor,NN=200;a=1,outcome,VAR,0.40032620800173746,0.022505193040925013,-0.054163196218400864,0.3156220532004259,200
mixed_factor,NN=200;a=1,outcome,fe,4.158925458105261,0.030108728197049853,4.137417572140412,4.137417572140412,200
mixed_factor,NN=200;a=1,outcome,gsynth,0.09114846499099127,0.00370735741379807,0.02611617049729209,0.07552999955374137,200
mixed_factor,NN=200;a=1,outcome,ife,0.0906427163823236,0.003702612824786904,0.025496876596840256,0.07502334890743342,200
mixed_factor,NN=200;a=1,u-balance,fe,2.9094779063904666,0.03109163089160903,2.8758242164761314,2.8758242164761314,200
synthetic_control,NN=200;active=0.1;unitb=penSCM,aug-d-balance,MCPanel,0.1223217157557845,0.005951935043684893,0.05629284244646371,0.09729124468477691,200
synthetic_control,NN=200;active=0.1;unitb=penSCM,aug-d-balance,VAR,0.8013803775499807,0.020827517849650267,0.740510947605857,0.7406566300370275,200
synthetic_control,NN=200;active=0.1;unitb=penSCM,aug-d-balance,fe,0.11571517548151698,0.005345886932785148,0.01037522280197829,0.09335104735139162,200
synthetic_control,NN=200;active=0.1;unitb=penSCM,aug-d-balance,gsynth,0.11261884048854791,0.004968444871229718,0.006952219968240924,0.09195517644661551,200
synthetic_control,NN=200;active=0.1;unitb=penSCM,aug-d-balance,ife,0.16309622905172336,0.01650224565649379,0.04015300584607975,0.1162708291883957,200
synthetic_control,NN=200;active=0.1;unitb=penSCM,aug-d-balance (individual),MCPanel,0.144860671642531,0.006600565065896175,0.0802024324456135,0.11833015378534045,200
synthetic_control,NN=200;active=0.1;unitb=penSCM,aug-d-balance (individual),VAR,0.8215380170438881,0.02260968525511331,0.7513384446259569,0.7529956812946594,200
synthetic_control,NN=200;active=0.1;unitb=penSCM,aug-d-balance (individual),fe,0.1331350090854369,0.006088136286369097,0.035033973923948934,0.1091912879837801,200
synthetic_control,NN=200;active=0.1;unitb=penSCM,aug-d-balance (individual),gsynth,0.1314014731468255,0.005953767443299511,0.017692392572805256,0.10701261210309321,200
synthetic_control,NN=200;active=0.1;unitb=penSCM,aug-d-balance (individual),ife,0.17729064542054615,0.01508611890462849,0.05280424691141121,0.1330444881102885,200
synthetic_control,NN=200;active=0.1;unitb=penSCM,aug-d-balance (residual individual),MCPanel,0.2889625269127026,0.009469797180296925,0.25476023047446644,0.2559914671722403,200
synthetic_control,NN=200;active=0.1;unitb=penSCM,aug-d-balance (residual individual),VAR,0.8782439778223606,0.022956480335027334,0.8135006167140731,0.8136651685161439,200
synthetic_control,NN=200;active=0.1;unitb=penSCM,aug-d-balance (residual individual),fe,0.13314697710338302,0.006087905393760587,0.035095466454320094,0.10919355759182345,200
synthetic_control,NN=200;active=0.1;unitb=penSCM,aug-d-balance (residual individual),gsynth,0.09910989168021414,0.005109836267737842,-0.007663385800779825,0.07899675483036742,200
synthetic_control,NN=200;active=0.1;unitb=penSCM,aug-d-balance (residual individual),ife,0.15658412207626787,0.017144152651819063,0.024124037961215716,0.1063819562429736,200
synthetic_control,NN=200;active=0.1;unitb=penSCM,aug-d-balance (residual),MCPanel,0.266741851984585,0.009649291117348396,0.22666387490527473,0.23071833526473398,200
synthetic_control,NN=200;active=0.1;unitb=penSCM,aug-d-balance (residual),VAR,0.8105923737794585,0.021001092764541887,0.7518156062888973,0.7518156062888973,200
synthetic_control,NN=200;active=0.1;unitb=penSCM,aug-d-balance (residual),fe,0.11556165383179741,0.005354865872477331,0.011479553463224636,0.09337962744715828,200
synthetic_control,NN=200;active=0.1;unitb=penSCM,aug-d-balance (residual),gsynth,0.09876596196926282,0.004922001180500166,-0.007206386789629459,0.07941861452989228,200
synthetic_control,NN=200;active=0.1;unitb=penSCM,aug-d-balance (residual),ife,0.1563426627853457,0.01723803180925064,0.024013039471752474,0.10623437771844026,200
synthetic_control,NN=200;active=0.1;unitb=penSCM,d-balance,fe,0.11571517548151698,0.0053458869327851445,0.010375222801978312,0.09335104735139162,200
synthetic_control,NN=200;active=0.1;unitb=penSCM,outcome,MCPanel,0.3187957268297957,0.009897495291893784,0.28441803604648513,0.28575346721758277,200
synthetic_control,NN=200;active=0.1;unitb=penSCM,outcome,VAR,1.2319013675564114,0.029900758880058106,1.1504126329374034,1.1504126329374034,200
synthetic_control,NN=200;active=0.1;unitb=penSCM,outcome,fe,1.8114936057939282,0.046151350411897836,1.686676269646471,1.686676269646471,200
synthetic_control,NN=200;active=0.1;unitb=penSCM,outcome,gsynth,0.09934836756456963,0.0051713867149006795,-0.007456675681288299,0.07892471980511026,200
synthetic_control,NN=200;active=0.1;unitb=penSCM,outcome,ife,0.15668376106604318,0.01733660256685256,0.02411862496225361,0.10596358159887459,200
synthetic_control,NN=200;active=0.1;unitb=penSCM,u-balance,fe,0.11007156317902762,0.005475265762550048,0.007126863877338676,0.08687237744153467,200
synthetic_control,NN=200;active=0.1;unitb=ridge,aug-d-balance,MCPanel,0.1503294075987173,0.006637878354136457,0.08535402678059544,0.12290346591604483,200
synthetic_control,NN=200;active=0.1;unitb=ridge,aug-d-balance,VAR,0.8288238827425993,0.023199997172516824,0.7564133075866166,0.7582154467566328,200
synthetic_control,NN=200;active=0.1;unitb=ridge,aug-d-balance,fe,0.146590337297509,0.006793588847533614,0.05794309169301941,0.12075975497690691,200
synthetic_control,NN=200;active=0.1;unitb=ridge,aug-d-balance,gsynth,0.13769857517999642,0.00617974719684579,0.019241157253558964,0.1135394591031224,200
synthetic_control,NN=200;active=0.1;unitb=ridge,aug-d-balance,ife,0.18278888585584827,0.015240132752892582,0.05447782175268195,0.13837676837612295,200
synthetic_control,NN=200;active=0.1;unitb=ridge,aug-d-balance (individual),MCPanel,0.145369169842316,0.006462900428239426,0.0827400653427847,0.11890802674669669,200
synthetic_control,NN=200;active=0.1;unitb=ridge,aug-d-balance (individual),VAR,0.8242625278919128,0.02286722988694175,0.7534442495933493,0.7549537625773914,200
synthetic_control,NN=200;active=0.1;unitb=ridge,aug-d-balance (individual),fe,0.13519216944401255,0.006130681407043387,0.04317979481316797,0.11176423222161239,200
synthetic_control,NN=200;active=0.1;unitb=ridge,aug-d-balance (individual),gsynth,0.13143204122026628,0.00587808001481533,0.018617261622286527,0.10810711664440603,200
synthetic_control,NN=200;active=0.1;unitb=ridge,aug-d-balance (individual),ife,0.17846596529755338,0.015556008051069466,0.05398395419131015,0.13378653730481355,200
synthetic_control,NN=200;active=0.1;unitb=ridge,aug-d-balance (residual individual),MCPanel,0.29156603349662663,0.009589517644237534,0.25658448594954747,0.2582426372088448,200
synthetic_control,NN=200;active=0.1;unitb=ridge,aug-d-balance (residual individual),VAR,0.8965074861346062,0.023278216503383395,0.8311008433383682,0.8311008433383682,200
synthetic_control,NN=200;active=0.1;unitb=ridge,aug-d-balance (residual individual),fe,0.1351461173041448,0.0061292542861737485,0.043073934226654176,0.11172511884639581,200
synthetic_control,NN=200;active=0.1;unitb=ridge,aug-d-balance (residual individual),gsynth,0.09950495882375426,0.005029245732067447,-0.007511485882429363,0.07945727695004164,200
synthetic_control,NN=200;active=0.1;unitb=ridge,aug-d-balance (residual individual),ife,0.15670352174906635,0.017171064772956452,0.023867377884212955,0.10681577993648894,200
synthetic_control,NN=200;active=0.1;unitb=ridge,aug-d-balance (residual),MCPanel,0.2759684509664029,0.009342073295045461,0.24137046217147834,0.24313041227080945,200
synthetic_control,NN=200;active=0.1;unitb=ridge,aug-d-balance (residual),VAR,0.8926166543934351,0.02299320855764741,0.8288903491412515,0.8289777520220706,200
synthetic_control,NN=200;active=0.1;unitb=ridge,aug-d-balance (residual),fe,0.14631804518067554,0.006781128982049031,0.05745048656606715,0.12055216620290966,200
synthetic_control,NN=200;active=0.1;unitb=ridge,aug-d-balance (residual),gsynth,0.09959123686929552,0.005112275498506006,-0.006791824453404286,0.07994172721531635,200
synthetic_control,NN=200;active=0.1;unitb=ridge,aug-d-balance (residual),ife,0.15551947693159127,0.017078892684376564,0.02442458161631876,0.10615853446141127,200
synthetic_control,NN=200;active=0.1;unitb=ridge,d-balance,fe,0.14659033729750906,0.006793588847533621,0.057943091693019436,0.12075975497690691,200
synthetic_control,NN=200;active=0.1;unitb=ridge,outcome,MCPanel,0.3187957268297957,0.009897495291893784,0.28441803604648513,0.28575346721758277,200
synthetic_control,NN=200;active=0.1;unitb=ridge,outcome,VAR,1.2319013675564114,0.029900758880058106,1.1504126329374034,1.1504126329374034,200
synthetic_control,NN=200;active=0.1;unitb=ridge,outcome,fe,1.8114936057939282,0.046151350411897836,1.686676269646471,1.686676269646471,200
synthetic_control,NN=200;active=0.1;unitb=ridge,outcome,gsynth,0.09934836756456963,0.0051713867149006795,-0.007456675681288299,0.07892471980511026,200
synthetic_control,NN=200;active=0.1;unitb=ridge,outcome,ife,0.15668376106604318,0.01733660256685256,0.02411862496225361,0.10596358159887459,200
synthetic_control,NN=200;active=0.1;unitb=ridge,u-balance,fe,0.192302517616667,0.007774571166163046,0.15385110723212014,0.16105642069628978,200
synthetic_control,NN=200;active=0.5;unitb=penSCM,aug-d-balance,MCPanel,0.13093323669921197,0.007341569121955653,0.0548972754741194,0.1025258711479528,200
synthetic_control,NN=200;active=0.5;unitb=penSCM,aug-d-balance,VAR,0.5769845304842283,0.010764361883548963,0.5576458525807176,0.5576458525807176,200
synthetic_control,NN=200;active=0.5;unitb=penSCM,aug-d-balance,fe,0.1301395477083712,0.007645605180200328,0.022994188352230757,0.09964239924704968,200
synthetic_control,NN=200;active=0.5;unitb=penSCM,aug-d-balance,gsynth,0.12478560558316261,0.007484508041905731,0.0211707716948263,0.09557767780450266,200
synthetic_control,NN=200;active=0.5;unitb=penSCM,aug-d-balance,ife,0.1517316188811548,0.019089781327950067,0.03741937886433226,0.10619357199553253,200
synthetic_control,NN=200;active=0.5;unitb=penSCM,aug-d-balance (individual),MCPanel,0.1367628489181648,0.008428025045042314,0.064418659639909,0.10440613381859407,200
synthetic_control,NN=200;active=0.5;unitb=penSCM,aug-d-balance (individual),VAR,0.5935424217765678,0.014107037324921783,0.5611850129480505,0.5612553681827744,200
synthetic_control,NN=200;active=0.5;unitb=penSCM,aug-d-balance (individual),fe,0.13527079768682032,0.008826622975504102,0.031010559164860726,0.09941899584301878,200
synthetic_control,NN=200;active=0.5;unitb=penSCM,aug-d-balance (individual),gsynth,0.13481778184888352,0.008792322100794454,0.019320426426576755,0.0981950294716754,200
synthetic_control,NN=200;active=0.5;unitb=penSCM,aug-d-balance (individual),ife,0.16183055964643997,0.01747563326938332,0.0364029937503677,0.1097143455005887,200
synthetic_control,NN=200;active=0.5;unitb=penSCM,aug-d-balance (residual individual),MCPanel,0.2153848577125312,0.006594713911085563,0.1926220497567735,0.194480082951981,200
synthetic_control,NN=200;active=0.5;unitb=penSCM,aug-d-balance (residual individual),VAR,0.6241231183683776,0.01122853176666032,0.6048033804370309,0.6048033804370309,200
synthetic_control,NN=200;active=0.5;unitb=penSCM,aug-d-balance (residual individual),fe,0.13531741431361816,0.008828397117767953,0.031070472550619024,0.09946614025438251,200
synthetic_control,NN=200;active=0.5;unitb=penSCM,aug-d-balance (residual individual),gsynth,0.0994076550978146,0.005721895702396754,0.008580472896451799,0.07806517358627856,200
synthetic_control,NN=200;active=0.5;unitb=penSCM,aug-d-balance (residual individual),ife,0.1338896281321843,0.016018132582618617,0.02192010820644914,0.09485605346090287,200
synthetic_control,NN=200;active=0.5;unitb=penSCM,aug-d-balance (residual),MCPanel,0.20615402513764178,0.0072676566082706786,0.176467592240288,0.18024775684775712,200
synthetic_control,NN=200;active=0.5;unitb=penSCM,aug-d-balance (residual),VAR,0.5794333484041937,0.010079362485665403,0.5622989712947531,0.5622989712947531,200
synthetic_control,NN=200;active=0.5;unitb=penSCM,aug-d-balance (residual),fe,0.13035515165588057,0.0077885185786008655,0.023497260552486382,0.09921868689210438,200
synthetic_control,NN=200;active=0.5;unitb=penSCM,aug-d-balance (residual),gsynth,0.09923034441967189,0.005661588661109124,0.008381754551565727,0.07776675321672555,200
synthetic_control,NN=200;active=0.5;unitb=penSCM,aug-d-balance (residual),ife,0.13327247660005526,0.01609577186102413,0.021439498356479413,0.09438877100500254,200
synthetic_control,NN=200;active=0.5;unitb=penSCM,d-balance,fe,0.13013954770837122,0.007645605180200335,0.022994188352230792,0.09964239924704967,200
synthetic_control,NN=200;active=0.5;unitb=penSCM,outcome,MCPanel,0.23557243973475375,0.006376587505974207,0.21677612315080716,0.21748422422243202,200
synthetic_control,NN=200;active=0.5;unitb=penSCM,outcome,VAR,0.8806535121301525,0.01130618013952573,0.8661044450732456,0.8661044450732456,200
synthetic_control,NN=200;active=0.5;unitb=penSCM,outcome,fe,1.270223332418117,0.013931172324563854,1.2548527309240356,1.2548527309240356,200
synthetic_control,NN=200;active=0.5;unitb=penSCM,outcome,gsynth,0.09820676253023065,0.005422886075104674,0.007869388541925584,0.07804371305839092,200
synthetic_control,NN=200;active=0.5;unitb=penSCM,outcome,ife,0.13253672046660278,0.015758625603047135,0.021026645412590937,0.09445007522655825,200
synthetic_control,NN=200;active=0.5;unitb=penSCM,u-balance,fe,0.12147091539779842,0.006724317042636485,0.022216263254072013,0.09404084449134238,200
synthetic_control,NN=200;active=0.5;unitb=ridge,aug-d-balance,MCPanel,0.14235926063741694,0.009059726947563932,0.06495495629522868,0.10792795721513013,200
synthetic_control,NN=200;active=0.5;unitb=ridge,aug-d-balance,VAR,0.5997255947018183,0.01559925057856242,0.5623172553107344,0.5634399806741441,200
synthetic_control,NN=200;active=0.5;unitb=ridge,aug-d-balance,fe,0.14697852681064777,0.010089601817473226,0.042253968988700735,0.10942565326990103,200
synthetic_control,NN=200;active=0.5;unitb=ridge,aug-d-balance,gsynth,0.14460461149049564,0.009735364698914239,0.0174168711425608,0.10649476532570848,200
synthetic_control,NN=200;active=0.5;unitb=ridge,aug-d-balance,ife,0.16943271166461704,0.017548881308063403,0.0354151258197605,0.11613617697729611,200
synthetic_control,NN=200;active=0.5;unitb=ridge,aug-d-balance (individual),MCPanel,0.13776629722570516,0.008644164847312312,0.06447217979360785,0.10510738967489736,200
synthetic_control,NN=200;active=0.5;unitb=ridge,aug-d-balance (individual),VAR,0.5948036749384922,0.01470863676800375,0.5606865695917155,0.5612945337129215,200
synthetic_control,NN=200;active=0.5;unitb=ridge,aug-d-balance (individual),fe,0.13814843300471605,0.009363449601628937,0.03446119690779547,0.10259187087515205,200
synthetic_control,NN=200;active=0.5;unitb=ridge,aug-d-balance (individual),gsynth,0.13740914562618514,0.00917030238337684,0.018027866802393905,0.10087714826968369,200
synthetic_control,NN=200;active=0.5;unitb=ridge,aug-d-balance (individual),ife,0.16341878655950787,0.017501541246497707,0.03558837530929462,0.11119645011217184,200
synthetic_control,NN=200;active=0.5;unitb=ridge,aug-d-balance (residual individual),MCPanel,0.21637919596656494,0.00657151801025838,0.1943039157206698,0.19615312552059297,200
synthetic_control,NN=200;active=0.5;unitb=ridge,aug-d-balance (residual individual),VAR,0.6382644533955261,0.011303266581450318,0.6190606060481056,0.6190606060481056,200
synthetic_control,NN=200;active=0.5;unitb=ridge,aug-d-balance (residual individual),fe,0.13809437667892024,0.009351043788270112,0.03439809100485627,0.10254846442061832,200
synthetic_control,NN=200;active=0.5;unitb=ridge,aug-d-balance (residual individual),gsynth,0.09919155896361709,0.005746074719685571,0.008527806631079674,0.07771627782371439,200
synthetic_control,NN=200;active=0.5;unitb=ridge,aug-d-balance (residual individual),ife,0.1339030318438396,0.016127707034690703,0.021676801239416062,0.09467914986808783,200
synthetic_control,NN=200;active=0.5;unitb=ridge,aug-d-balance (residual),MCPanel,0.2084795294640299,0.006671366399192609,0.1847470980688484,0.18768316843569152,200
synthetic_control,NN=200;active=0.5;unitb=ridge,aug-d-balance (residual),VAR,0.6360253851637984,0.011001436641855614,0.6176425143191363,0.6176425143191363,200
synthetic_control,NN=200;active=0.5;unitb=ridge,aug-d-balance (residual),fe,0.1467719081819122,0.010051134291152213,0.041908155764368286,0.10928557435989017,200
synthetic_control,NN=200;active=0.5;unitb=ridge,aug-d-balance (residual),gsynth,0.09848159477547135,0.005891126149886388,0.008167646119540848,0.07627807472901274,200
synthetic_control,NN=200;active=0.5;unitb=ridge,aug-d-balance (residual),ife,0.13316176666450427,0.016445981322437755,0.021118261709517156,0.09335669888093001,200
synthetic_control,NN=200;active=0.5;unitb=ridge,d-balance,fe,0.14697852681064782,0.010089601817473232,0.04225396898870077,0.10942565326990106,200
synthetic_control,NN=200;active=0.5;unitb=ridge,outcome,MCPanel,0.23557243973475375,0.006376587505974207,0.21677612315080716,0.21748422422243202,200
synthetic_control,NN=200;active=0.5;unitb=ridge,outcome,VAR,0.8806535121301525,0.01130618013952573,0.8661044450732456,0.8661044450732456,200
synthetic_control,NN=200;active=0.5;unitb=ridge,outcome,fe,1.270223332418117,0.013931172324563854,1.2548527309240356,1.2548527309240356,200
synthetic_control,NN=200;active=0.5;unitb=ridge,outcome,gsynth,0.09820676253023065,0.005422886075104674,0.007869388541925584,0.07804371305839092,200
synthetic_control,NN=200;active=0.5;unitb=ridge,outcome,ife,0.13253672046660278,0.015758625603047135,0.021026645412590937,0.09445007522655825,200
synthetic_control,NN=200;active=0.5;unitb=ridge,u-balance,fe,0.1455820745057372,0.006025052029681599,0.1131050133677789,0.1228363806442016,200
time_series,NN=200;a=0.2;I=0,aug-d-balance,MCPanel,0.08930100862593907,0.004911392479327685,0.0022753846910977056,0.06969960425225503,200
time_series,NN=200;a=0.2;I=0,aug-d-balance,VAR,0.09696499071815932,0.005317703341751577,-0.031093491992785452,0.07594168568923383,200
time_series,NN=200;a=0.2;I=0,aug-d-balance,arima,0.08809927154664078,0.004624048903443653,2.692005944534337e-05,0.06973967104083371,200
time_series,NN=200;a=0.2;I=0,aug-d-balance,fe,0.0878731599109596,0.004830261635820114,0.0014247202515242508,0.0685304661206581,200
time_series,NN=200;a=0.2;I=0,aug-d-balance,gsynth,0.08983319682274467,0.004810031173198967,0.0013631660066225875,0.07115041258847297,200
time_series,NN=200;a=0.2;I=0,aug-d-balance,ife,0.10164494290356826,0.005738466202557351,0.0017233956267681705,0.07984339222835173,200
time_series,NN=200;a=0.2;I=0,aug-d-balance (individual),MCPanel,0.08615851112183147,0.004891391465168494,0.0026060031554955678,0.06749174045903392,200
time_series,NN=200;a=0.2;I=0,aug-d-balance (individual),VAR,0.09235661801222211,0.0051126393014678684,-0.029651357877580987,0.07194475265422964,200
time_series,NN=200;a=0.2;I=0,aug-d-balance (individual),arima,0.08456301841172457,0.004605404963579809,0.0008923640247157644,0.06723042275723433,200
time_series,NN=200;a=0.2;I=0,aug-d-balance (individual),fe,0.08458813264690469,0.004794788713390053,0.0023573157976227404,0.06651052048467873,200
time_series,NN=200;a=0.2;I=0,aug-d-balance (individual),gsynth,0.08646507059732601,0.004736909463920951,0.001926557517052973,0.0687610464832814,200
time_series,NN=200;a=0.2;I=0,aug-d-balance (individual),ife,0.09840603482468006,0.005777827683880482,0.0021000158023830977,0.07731126455064498,200
time_series,NN=200;a=0.2;I=0,aug-d-balance (residual individual),MCPanel,0.08514127717225076,0.004988745595307819,0.0013192120617198677,0.06642005292542906,200
time_series,NN=200;a=0.2;I=0,aug-d-balance (residual individual),VAR,0.09153540431984723,0.0050969330145270025,-0.0278845081318366,0.0712791848152932,200
time_series,NN=200;a=0.2;I=0,aug-d-balance (residual individual),arima,0.0852494890500877,0.004717235876808945,0.0012404304653846727,0.0668934229772407,200
time_series,NN=200;a=0.2;I=0,aug-d-balance (residual individual),fe,0.08458967827416881,0.004794950299975649,0.0023594624138398206,0.06651218607843122,200
time_series,NN=200;a=0.2;I=0,aug-d-balance (residual individual),gsynth,0.08742760526431784,0.004668202498465207,0.0013160912674107144,0.0702028420236918,200
time_series,NN=200;a=0.2;I=0,aug-d-balance (residual individual),ife,0.10230345535595677,0.005912009620353258,0.0010174214561195494,0.08065363627172921,200
time_series,NN=200;a=0.2;I=0,aug-d-balance (residual),MCPanel,0.0853731953711355,0.0049925665747496475,0.0010283107921930895,0.06646380065962326,200
time_series,NN=200;a=0.2;I=0,aug-d-balance (residual),VAR,0.09464602175293688,0.005210540188464626,-0.028214099942871565,0.07438473612031384,200
time_series,NN=200;a=0.2;I=0,aug-d-balance (residual),arima,0.08825569518748212,0.004687559304252715,0.0008440655102659806,0.06919129741291459,200
time_series,NN=200;a=0.2;I=0,aug-d-balance (residual),fe,0.08787426839420842,0.004830331285684137,0.0014253091700012982,0.06853107484567389,200
time_series,NN=200;a=0.2;I=0,aug-d-balance (residual),gsynth,0.08906938663981163,0.005001612080682911,0.00159773340145267,0.0704673466617886,200
time_series,NN=200;a=0.2;I=0,aug-d-balance (residual),ife,0.10326976632849459,0.006085810088413807,0.0010925101459807107,0.0804361576697964,200
time_series,NN=200;a=0.2;I=0,d-balance,fe,0.08787315991095962,0.004830261635820116,0.0014247202515242257,0.06853046612065813,200
time_series,NN=200;a=0.2;I=0,outcome,MCPanel,0.08450596730450277,0.0048691319189161164,0.0011548904774547153,0.06600625992467252,200
time_series,NN=200;a=0.2;I=0,outcome,VAR,0.08459703736019418,0.004462490526137169,-0.0023181371875321322,0.06777514667300333,200
time_series,NN=200;a=0.2;I=0,outcome,arima,0.07627144683267634,0.003883540293633647,-0.002124393337889651,0.0603326536711001,200
time_series,NN=200;a=0.2;I=0,outcome,fe,0.08464478659395071,0.004736638868162639,0.00020962762839013993,0.06704696454402159,200
time_series,NN=200;a=0.2;I=0,outcome,gsynth,0.08741217400316179,0.004791911375701182,-0.00044200941639848057,0.07083506800121725,200
time_series,NN=200;a=0.2;I=0,outcome,ife,0.10136841944963922,0.006034826955816844,-0.001213635861187799,0.07929549131107386,200
time_series,NN=200;a=0.2;I=0,u-balance,fe,0.08428499580658914,0.004758417823017895,0.00030916563758027593,0.06649948717049221,200
time_series,NN=200;a=0.2;I=1,aug-d-balance,MCPanel,4.164739404526585,0.043335591039646404,4.119366239970431,4.119366239970431,200
time_series,NN=200;a=0.2;I=1,aug-d-balance,VAR,1.7541739102044094,0.03483517168689732,1.6831553643992958,1.6831553643992958,200
time_series,NN=200;a=0.2;I=1,aug-d-balance,arima,0.6728017634220138,0.033516551798641804,0.4629120800875725,0.5384904310909833,200
time_series,NN=200;a=0.2;I=1,aug-d-balance,fe,1.9685269545992357,0.03982607206725471,1.8809416006868644,1.8809416006868644,200
time_series,NN=200;a=0.2;I=1,aug-d-balance,gsynth,1.7543588810755661,0.04140842072622208,1.647516453453876,1.647516453453876,200
time_series,NN=200;a=0.2;I=1,aug-d-balance,ife,1.7625002942399401,0.04232673797316825,1.6507660755405351,1.6509567472851776,200
time_series,NN=200;a=0.2;I=1,aug-d-balance (individual),MCPanel,4.190122691005412,0.043466819067816735,4.144556188091805,4.144556188091805,200
time_series,NN=200;a=0.2;I=1,aug-d-balance (individual),VAR,1.776857440745667,0.036746555413886044,1.699655621651437,1.699655621651437,200
time_series,NN=200;a=0.2;I=1,aug-d-balance (individual),arima,0.6895364961269274,0.03539901268229755,0.45826144256098755,0.552687657111837,200
time_series,NN=200;a=0.2;I=1,aug-d-balance (individual),fe,2.051391782306391,0.046066069193247745,1.9397900647621207,1.9397900647621207,200
time_series,NN=200;a=0.2;I=1,aug-d-balance (individual),gsynth,1.7961494856808484,0.045565888895224047,1.6729185240482445,1.6729185240482445,200
time_series,NN=200;a=0.2;I=1,aug-d-balance (individual),ife,1.8073019919926194,0.04643053479079841,1.6798403826958583,1.6798403826958583,200
time_series,NN=200;a=0.2;I=1,aug-d-balance (residual individual),MCPanel,4.879309584445318,0.04800856343790839,4.83170240956297,4.83170240956297,200
time_series,NN=200;a=0.2;I=1,aug-d-balance (residual individual),VAR,1.9531584131647917,0.031568310438339374,1.9007438777867944,1.9007438777867944,200
time_series,NN=200;a=0.2;I=1,aug-d-balance (residual individual),arima,0.6506412190238079,0.028999586337904136,0.47046190470720944,0.528344763474949,200
time_series,NN=200;a=0.2;I=1,aug-d-balance (residual individual),fe,2.0514603749396345,0.04607898773731548,1.9397916490508458,1.9397916490508458,200
time_series,NN=200;a=0.2;I=1,aug-d-balance (residual individual),gsynth,1.8903659096505374,0.05500892931730545,1.7151066291379462,1.7196529193305496,200
time_series,NN=200;a=0.2;I=1,aug-d-balance (residual individual),ife,1.936778480895209,0.05775265405198232,1.7457533221567303,1.753702643072662,200
time_series,NN=200;a=0.2;I=1,aug-d-balance (residual),MCPanel,4.863026388931908,0.047804064725912775,4.815691901461866,4.815691901461866,200
time_series,NN=200;a=0.2;I=1,aug-d-balance (residual),VAR,1.9362090362449038,0.03166285849776249,1.883612985217217,1.883612985217217,200
time_series,NN=200;a=0.2;I=1,aug-d-balance (residual),arima,0.6536420052492743,0.028926948965631163,0.4758546926481885,0.531338277376691,200
time_series,NN=200;a=0.2;I=1,aug-d-balance (residual),fe,1.9684956069711834,0.03983692560308741,1.880853109536846,1.880853109536846,200
time_series,NN=200;a=0.2;I=1,aug-d-balance (residual),gsynth,1.9389598822252128,0.05667017542132766,1.757836206794325,1.7622465799214893,200
time_series,NN=200;a=0.2;I=1,aug-d-balance (residual),ife,1.974729182804996,0.05862786261004264,1.7815702573462988,1.788787543239867,200
time_series,NN=200;a=0.2;I=1,d-balance,fe,1.9685269545992359,0.03982607206725472,1.8809416006868642,1.8809416006868642,200
time_series,NN=200;a=0.2;I=1,outcome,MCPanel,4.911036307581407,0.048229381152085485,4.863341141594799,4.863341141594799,200
time_series,NN=200;a=0.2;I=1,outcome,VAR,2.0314490394077045,0.031927329805608015,1.9804649314848664,1.9804649314848664,200
time_series,NN=200;a=0.2;I=1,outcome,arima,0.6273190004696142,0.0280887643029588,0.4400121155952648,0.5092435627344095,200
time_series,NN=200;a=0.2;I=1,outcome,fe,8.055381597142631,0.06447234204802603,8.003379010485379,8.003379010485379,200
time_series,NN=200;a=0.2;I=1,outcome,gsynth,1.9923138781285723,0.05857687620234398,1.8048973419582046,1.808466144530911,200
time_series,NN=200;a=0.2;I=1,outcome,ife,2.014020010987321,0.05980898912810118,1.817945800509574,1.824499327908017,200
time_series,NN=200;a=0.2;I=1,u-balance,fe,3.038492189254152,0.05034930697456055,2.953129085857445,2.953129085857445,200
time_series,NN=200;a=0.9;I=0,aug-d-balance,MCPanel,0.29443963547876295,0.015911355089668157,0.04561232422376665,0.2312298237121757,200
time_series,NN=200;a=0.9;I=0,aug-d-balance,VAR,0.3814668826010812,0.019031907214035717,-0.18946673388993016,0.3076769705144691,200
time_series,NN=200;a=0.9;I=0,aug-d-balance,arima,0.2965147746706453,0.01627271348609317,-0.05946448963359659,0.23358054303593734,200
time_series,NN=200;a=0.9;I=0,aug-d-balance,fe,0.2773137431547791,0.01566257763163373,0.02892263613889966,0.21609415928254236,200
time_series,NN=200;a=0.9;I=0,aug-d-balance,gsynth,0.2914026424603288,0.016864756933042423,0.030607156859728635,0.2219900681647927,200
time_series,NN=200;a=0.9;I=0,aug-d-balance,ife,0.29522120506065086,0.017228004353388813,0.030917911487620207,0.22393508673133178,200
time_series,NN=200;a=0.9;I=0,aug-d-balance (individual),MCPanel,0.2943872164614211,0.016270548104484046,0.048166600118669425,0.23092931798756744,200
time_series,NN=200;a=0.9;I=0,aug-d-balance (individual),VAR,0.3707566533304449,0.018647114420816326,-0.18076171591072132,0.2972406727108046,200
time_series,NN=200;a=0.9;I=0,aug-d-balance (individual),arima,0.2938436536197145,0.01643809733726101,-0.05669673724710998,0.23119541664285614,200
time_series,NN=200;a=0.9;I=0,aug-d-balance (individual),fe,0.28755289183751526,0.016595027177267532,0.0380359954475819,0.2244063027906094,200
time_series,NN=200;a=0.9;I=0,aug-d-balance (individual),gsynth,0.29788837282453856,0.017348291256050332,0.03619313633134692,0.22744487156867307,200
time_series,NN=200;a=0.9;I=0,aug-d-balance (individual),ife,0.30203035873151096,0.017675872983943033,0.03608508208703421,0.22917538792417716,200
time_series,NN=200;a=0.9;I=0,aug-d-balance (residual individual),MCPanel,0.31864109283670655,0.016585370661364396,0.05826624273875925,0.25272714134779606,200
time_series,NN=200;a=0.9;I=0,aug-d-balance (residual individual),VAR,0.29115477285056923,0.015278155691835937,0.020518069187951272,0.2320399563458393,200
time_series,NN=200;a=0.9;I=0,aug-d-balance (residual individual),arima,0.2935008478603665,0.015637236118683808,-0.015897942750256775,0.23030913446022688,200
time_series,NN=200;a=0.9;I=0,aug-d-balance (residual individual),fe,0.2875936901808494,0.016598525233205264,0.03804947637164559,0.22442567656423104,200
time_series,NN=200;a=0.9;I=0,aug-d-balance (residual individual),gsynth,0.3676564924029774,0.020800731606116746,0.04428248910349158,0.2832653583435089,200
time_series,NN=200;a=0.9;I=0,aug-d-balance (residual individual),ife,0.38278061074143255,0.021463618195072066,0.04469736377721408,0.29673231884516105,200
time_series,NN=200;a=0.9;I=0,aug-d-balance (residual),MCPanel,0.3181347330870859,0.016591635330019644,0.05806711380090029,0.2520402875827869,200
time_series,NN=200;a=0.9;I=0,aug-d-balance (residual),VAR,0.28835435620111177,0.01506278087461484,0.024242297512577737,0.229999046061631,200
time_series,NN=200;a=0.9;I=0,aug-d-balance (residual),arima,0.2924308338806068,0.015785770782111488,-0.012033620409510346,0.22849208685762704,200
time_series,NN=200;a=0.9;I=0,aug-d-balance (residual),fe,0.2773210979428399,0.015662496570943832,0.02893048667051816,0.21609989682964986,200
time_series,NN=200;a=0.9;I=0,aug-d-balance (residual),gsynth,0.37458738540910025,0.021196542941057814,0.048143449888522725,0.28728361013336906,200
time_series,NN=200;a=0.9;I=0,aug-d-balance (residual),ife,0.3896804231960238,0.021891524595916804,0.04807179336485347,0.3010406428858124,200
time_series,NN=200;a=0.9;I=0,d-balance,fe,0.2773137431547791,0.01566257763163373,0.0289226361388996,0.21609415928254236,200
time_series,NN=200;a=0.9;I=0,outcome,MCPanel,0.3193960768439371,0.0165838558971394,0.058491887732625036,0.253252306661038,200
time_series,NN=200;a=0.9;I=0,outcome,VAR,0.291142515013412,0.014530256524502818,0.025957102211994865,0.23498474169694222,200
time_series,NN=200;a=0.9;I=0,outcome,arima,0.29070673989568047,0.01448976425472354,-0.004458789557709105,0.22980881455111238,200
time_series,NN=200;a=0.9;I=0,outcome,fe,0.3750514656048859,0.017945976316324292,0.07369248035946266,0.30465183252418027,200
time_series,NN=200;a=0.9;I=0,outcome,gsynth,0.3859824469179935,0.021264428603226738,0.04990444994427066,0.29730297987791104,200
time_series,NN=200;a=0.9;I=0,outcome,ife,0.3986267211039858,0.021871701701103623,0.05004446485384149,0.3078637899827582,200
time_series,NN=200;a=0.9;I=0,u-balance,fe,0.307593554411136,0.01693890705588695,0.050518968848891274,0.2403615436385339,200
time_series,NN=200;a=0.9;I=1,aug-d-balance,MCPanel,30.95742642809296,0.31074416921553294,30.649473811906674,30.649473811906674,200
time_series,NN=200;a=0.9;I=1,aug-d-balance,VAR,5.6095353942378585,0.10016564908899099,5.424988013203348,5.424988013203348,200
time_series,NN=200;a=0.9;I=1,aug-d-balance,arima,1.5720227149226822,0.07911956091205366,0.03321985937488584,1.2568673790129594,200
time_series,NN=200;a=0.9;I=1,aug-d-balance,fe,8.938306931945156,0.1930089558215223,8.479908451476465,8.479908451476465,200
time_series,NN=200;a=0.9;I=1,aug-d-balance,gsynth,8.852961028993295,0.175514829560687,8.4700430332584,8.4700430332584,200
time_series,NN=200;a=0.9;I=1,aug-d-balance,ife,8.991588861291671,0.17745504587228256,8.609113812479768,8.609113812479768,200
time_series,NN=200;a=0.9;I=1,aug-d-balance (individual),MCPanel,31.008344035707406,0.3104935531976109,30.700832846535786,30.700832846535786,200
time_series,NN=200;a=0.9;I=1,aug-d-balance (individual),VAR,5.630746096293671,0.10217671602454773,5.438022503969767,5.438022503969767,200
time_series,NN=200;a=0.9;I=1,aug-d-balance (individual),arima,1.5898001230351237,0.07962778879164965,-0.0012449912626324978,1.270932605355592,200
time_series,NN=200;a=0.9;I=1,aug-d-balance (individual),fe,9.77908815244419,0.23391868086413992,9.123998015135658,9.148377254769182,200
time_series,NN=200;a=0.9;I=1,aug-d-balance (individual),gsynth,8.884165048020435,0.18978612991261887,8.381918191126656,8.381918191126656,200
time_series,NN=200;a=0.9;I=1,aug-d-balance (individual),ife,9.072759241248495,0.19309843862801104,8.569600928502727,8.569600928502727,200
time_series,NN=200;a=0.9;I=1,aug-d-balance (residual individual),MCPanel,32.32608252683198,0.31632059413481595,32.0201636779045,32.0201636779045,200
time_series,NN=200;a=0.9;I=1,aug-d-balance (residual individual),VAR,5.948215161588132,0.09933019759832738,5.78337618546685,5.78337618546685,200
time_series,NN=200;a=0.9;I=1,aug-d-balance (residual individual),arima,1.576504423483718,0.07330070678045555,-0.06528093201948072,1.2841772915416434,200
time_series,NN=200;a=0.9;I=1,aug-d-balance (residual individual),fe,9.778548706802342,0.23393673145505786,9.123281653875072,9.147731848705858,200
time_series,NN=200;a=0.9;I=1,aug-d-balance (residual individual),gsynth,11.166497824963157,0.24990191032765827,10.570066724276941,10.570066724276941,200
time_series,NN=200;a=0.9;I=1,aug-d-balance (residual individual),ife,11.82910833496415,0.2669420249048753,11.195082298172302,11.195082298172302,200
time_series,NN=200;a=0.9;I=1,aug-d-balance (residual),MCPanel,32.158947472514505,0.31554762895521526,31.853241499479196,31.853241499479196,200
time_series,NN=200;a=0.9;I=1,aug-d-balance (residual),VAR,5.925754023844514,0.09927918040461026,5.761339994077412,5.761339994077412,200
time_series,NN=200;a=0.9;I=1,aug-d-balance (residual),arima,1.5753255754453268,0.07317481965976032,-0.056224627832812964,1.2839818778825118,200
time_series,NN=200;a=0.9;I=1,aug-d-balance (residual),fe,8.936546316531425,0.19302691664803698,8.477949375844362,8.477949375844362,200
time_series,NN=200;a=0.9;I=1,aug-d-balance (residual),gsynth,11.699526875060581,0.2634539746697757,11.064229033744216,11.064229033744216,200
time_series,NN=200;a=0.9;I=1,aug-d-balance (residual),ife,12.172106654120833,0.2726634232457725,11.524718331683598,11.524718331683598,200
time_series,NN=200;a=0.9;I=1,d-balance,fe,8.938306931945156,0.1930089558215222,8.479908451476463,8.479908451476463,200
time_series,NN=200;a=0.9;I=1,outcome,MCPanel,32.48814826396391,0.31723131204866295,32.18194871858913,32.18194871858913,200
time_series,NN=200;a=0.9;I=1,outcome,VAR,6.043692769644913,0.09958363787878599,5.88159908124258,5.88159908124258,200
time_series,NN=200;a=0.9;I=1,outcome,arima,1.574029397450143,0.07276686540005582,-0.06350030451017309,1.2839355060307833,200
time_series,NN=200;a=0.9;I=1,outcome,fe,63.703245858757995,0.46452650745778157,63.3642190158938,63.3642190158938,200
time_series,NN=200;a=0.9;I=1,outcome,gsynth,12.078887368260466,0.27275604241499657,11.419708651949765,11.419708651949765,200
time_series,NN=200;a=0.9;I=1,outcome,ife,12.412539203171946,0.2774965796009692,11.754321305979875,11.754321305979875,200
time_series,NN=200;a=0.9;I=1,u-balance,fe,12.078284814721085,0.26790942330545026,11.47934516151432,11.47934516151432,200
weak_factor,NN=200;a=0,aug-d-balance,MCPanel,0.06755982649587342,0.003404709285472454,-0.002904159665598496,0.05334981767427343,200
weak_factor,NN=200;a=0,aug-d-balance,VAR,0.09724591525262802,0.004821900801445201,-0.006146187555969076,0.07684065739847332,200
weak_factor,NN=200;a=0,aug-d-balance,fe,0.07224255296115287,0.0036068028895092762,-0.0026290855385297037,0.05700313597003781,200
weak_factor,NN=200;a=0,aug-d-balance,gsynth,0.06303568373681138,0.003304833380015167,-0.0037185495583202384,0.04976202132024682,200
weak_factor,NN=200;a=0,aug-d-balance,ife,0.06251961403022462,0.003281474054404963,-0.003837320625401765,0.04939196101008074,200
weak_factor,NN=200;a=0,aug-d-balance (individual),MCPanel,0.06514017670828089,0.0031097518196106354,-0.0016708831005994228,0.052238451411918296,200
weak_factor,NN=200;a=0,aug-d-balance (individual),VAR,0.0924154720599056,0.004468525585274571,-0.004918984472081398,0.07352043152019097,200
weak_factor,NN=200;a=0,aug-d-balance (individual),fe,0.06812826461013921,0.0032640019717882504,-0.0018889431371096237,0.054459197122518926,200
weak_factor,NN=200;a=0,aug-d-balance (individual),gsynth,0.06047080046360522,0.0029719505504292995,-0.002198333682204648,0.048471851541531864,200
weak_factor,NN=200;a=0,aug-d-balance (individual),ife,0.06002750643192934,0.0029478024753437832,-0.0022930135899486026,0.04823169720326653,200
weak_factor,NN=200;a=0,aug-d-balance (residual individual),MCPanel,0.07456267236080918,0.003475889638997125,0.0007052646168918885,0.06018230382718236,200
weak_factor,NN=200;a=0,aug-d-balance (residual individual),VAR,0.10071969416449293,0.004864049850208164,-0.004498855117232679,0.08008846362426976,200
weak_factor,NN=200;a=0,aug-d-balance (residual individual),fe,0.06811824476511037,0.0032632910475603677,-0.0018874918239396897,0.054452592556361507,200
weak_factor,NN=200;a=0,aug-d-balance (residual individual),gsynth,0.055371403310157566,0.002781661841143383,-0.0025012373993559068,0.04331255757135409,200
weak_factor,NN=200;a=0,aug-d-balance (residual individual),ife,0.055124022035756386,0.002783722771023113,-0.0027037161413178013,0.042991368118497866,200
weak_factor,NN=200;a=0,aug-d-balance (residual),MCPanel,0.0737722058433996,0.0034166505050680866,0.000985093204790457,0.059475916163060596,200
weak_factor,NN=200;a=0,aug-d-balance (residual),VAR,0.10300905590685007,0.0050062313751376205,-0.004397905334521293,0.08136865153037151,200
weak_factor,NN=200;a=0,aug-d-balance (residual),fe,0.07220302011246348,0.0036045808517099448,-0.0026307144683745186,0.056975627055503006,200
weak_factor,NN=200;a=0,aug-d-balance (residual),gsynth,0.05540868603770604,0.0028389725747446602,-0.0024726944688086266,0.04328745998780298,200
weak_factor,NN=200;a=0,aug-d-balance (residual),ife,0.055092762582650986,0.002851239816869998,-0.0027267188670035926,0.04298107463161432,200
weak_factor,NN=200;a=0,d-balance,fe,0.07224255296115287,0.0036068028895092745,-0.0026290855385297197,0.05700313597003781,200
weak_factor,NN=200;a=0,outcome,MCPanel,0.07872587804520334,0.003664215118150303,0.00035808216508202093,0.06363192031829185,200
weak_factor,NN=200;a=0,outcome,VAR,0.11880243611221787,0.0058943466473718835,-0.004148846350747861,0.09446128086572098,200
weak_factor,NN=200;a=0,outcome,fe,0.14964945171569602,0.0073347865285411,0.00506476398381848,0.11818567155901619,200
weak_factor,NN=200;a=0,outcome,gsynth,0.05517111988019252,0.002842618183334578,-0.0026212915560428164,0.04315340472090868,200
weak_factor,NN=200;a=0,outcome,ife,0.05493588670093204,0.002858674336034651,-0.0027986801777566523,0.04287393608876881,200
weak_factor,NN=200;a=0,u-balance,fe,0.0833915430568681,0.003906471900743914,0.0007655296860516286,0.06711889458738536,200
weak_factor,NN=200;a=1,aug-d-balance,MCPanel,1.387619105975302,0.01164563304832745,1.3781359795847983,1.3781359795847983,200
weak_factor,NN=200;a=1,aug-d-balance,VAR,1.0417461840118343,0.015725665134404265,-1.0175586455938295,1.0175586455938295,200
weak_factor,NN=200;a=1,aug-d-balance,fe,1.058754395775359,0.015460507131085724,1.0346790323855901,1.0346790323855901,200
weak_factor,NN=200;a=1,aug-d-balance,gsynth,0.2069189014211572,0.010169677268990304,0.10905674838257312,0.16549914390755752,200
weak_factor,NN=200;a=1,aug-d-balance,ife,0.16368152996597046,0.00898404993524291,0.028918330016808335,0.12555944005572475,200
weak_factor,NN=200;a=1,aug-d-balance (individual),MCPanel,1.3227471628530527,0.012209233827035046,1.311718155552727,1.311718155552727,200
weak_factor,NN=200;a=1,aug-d-balance (individual),VAR,0.9775221698309908,0.015664976735443318,-0.9513560455003014,0.9513560455003014,200
weak_factor,NN=200;a=1,aug-d-balance (individual),fe,1.0194176589494637,0.01620270686793031,0.9916314328337961,0.9916314328337961,200
weak_factor,NN=200;a=1,aug-d-balance (individual),gsynth,0.20986863333639857,0.009940961172080404,0.10552394394350123,0.1686434854617952,200
weak_factor,NN=200;a=1,aug-d-balance (individual),ife,0.1789656651411117,0.00896241123114682,0.040325284820588274,0.13841623619301452,200
weak_factor,NN=200;a=1,aug-d-balance (residual individual),MCPanel,1.7551959749596961,0.011240223575822028,1.7481100980196833,1.7481100980196833,200
weak_factor,NN=200;a=1,aug-d-balance (residual individual),VAR,0.5405890797706742,0.013848889310763885,-0.5003425668943584,0.5012285205892391,200
weak_factor,NN=200;a=1,aug-d-balance (residual individual),fe,1.0181270222907552,0.016262598860041853,0.9900965691347322,0.9900965691347322,200
weak_factor,NN=200;a=1,aug-d-balance (residual individual),gsynth,0.1571208212539504,0.008131685739079892,0.01936224410298786,0.12285860655606858,200
weak_factor,NN=200;a=1,aug-d-balance (residual individual),ife,0.16254567218669977,0.008672834230420106,-0.031490030121355046,0.12624191278335184,200
weak_factor,NN=200;a=1,aug-d-balance (residual),MCPanel,1.657826699714144,0.01126626800651352,1.6503985363135687,1.6503985363135687,200
weak_factor,NN=200;a=1,aug-d-balance (residual),VAR,0.3606270541169137,0.012724294867847263,-0.302967929073526,0.3103120908814049,200
weak_factor,NN=200;a=1,aug-d-balance (residual),fe,1.056697780478354,0.015471812898455022,1.0325373063135077,1.0325373063135077,200
weak_factor,NN=200;a=1,aug-d-balance (residual),gsynth,0.15813478088339514,0.008164692249413881,0.021663978749083122,0.12398361814035853,200
weak_factor,NN=200;a=1,aug-d-balance (residual),ife,0.16265935894173786,0.008670997840874575,-0.03146341253159601,0.12631523365661404,200
weak_factor,NN=200;a=1,d-balance,fe,1.058754395775359,0.015460507131085717,1.0346790323855901,1.0346790323855901,200
weak_factor,NN=200;a=1,outcome,MCPanel,1.7756402532612114,0.011173241075126262,1.76876984469657,1.76876984469657,200
weak_factor,NN=200;a=1,outcome,VAR,0.9346145455860134,0.014726506212729399,-0.9104835828433039,0.9104835828433039,200
weak_factor,NN=200;a=1,outcome,fe,2.6026266379870386,0.01157522375678248,2.5975359873381865,2.5975359873381865,200
weak_factor,NN=200;a=1,outcome,gsynth,0.15770767495902818,0.008101720072026327,0.019939747372949106,0.12269442672777167,200
weak_factor,NN=200;a=1,outcome,ife,0.1627224408828063,0.008681365391455555,-0.03153546171354405,0.12644723551864734,200
weak_factor,NN=200;a=1,u-balance,fe,2.160396402360377,0.012888944276746788,2.1526758149393133,2.1526758149393133,200
