family,setting,frame,outcome,r_rmse,r_rmse_mcse,python_rmse,python_rmse_mcse,difference,relative_difference,combined_mcse,standardized_difference,within_three_mcse,n_r,n_python
classic_factor,NN=200;a=0,aug-d-balance,MCPanel,0.0747298130132782,0.00339332724062395,0.07372003119539813,0.0035350964643741075,-0.0010097818178800705,-0.013512436030057369,0.004900160892704531,-0.2060711556192892,True,200,200
classic_factor,NN=200;a=0,aug-d-balance,VAR,0.142364965316842,0.00803763122977338,0.1532208317610916,0.006829490583786427,0.010855866444249601,0.07625377788762285,0.010547296213715428,1.0292558608653577,True,200,200
classic_factor,NN=200;a=0,aug-d-balance,fe,0.0762779263967247,0.00348995547101688,0.07452201149471371,0.0034613230172894863,-0.001755914902010991,-0.023019961146798926,0.004915337854074595,-0.35723178225794106,True,200,200
classic_factor,NN=200;a=0,aug-d-balance,gsynth,0.0746130965543328,0.0034320419083427,0.07361304081103119,0.003876409920956681,-0.0010000557433016144,-0.013403219937043891,0.005177399495491147,-0.1931579249722829,True,200,200
classic_factor,NN=200;a=0,aug-d-balance,ife,0.0938890182520936,0.00916829213699529,0.11981262471342906,0.024731484051128766,0.025923606461335458,0.27610903749925403,0.026376199197013322,0.9828408660286008,True,200,200
classic_factor,NN=200;a=0,aug-d-balance (individual),MCPanel,0.0723556263298134,0.00325403225186567,0.07133244408909883,0.0032338142700824887,-0.0010231822407145708,-0.01414101836463516,0.0045876225465453346,-0.22303104284049444,True,200,200
classic_factor,NN=200;a=0,aug-d-balance (individual),VAR,0.137834615467442,0.00770473862988674,0.14708726554608606,0.0066836588111639,0.009252650078644065,0.06712863853006243,0.01019972021473716,0.9071474397185217,True,200,200
classic_factor,NN=200;a=0,aug-d-balance (individual),fe,0.0740928790031568,0.00336585140103821,0.07136208707004045,0.003082756793876279,-0.0027307919331163444,-0.03685633450685587,0.004564246389499721,-0.5983007270156732,True,200,200
classic_factor,NN=200;a=0,aug-d-balance (individual),gsynth,0.071488959283316,0.0033022644565972,0.07114962465740243,0.003481858503833813,-0.00033933462591356767,-0.004746671784222786,0.004798779968077828,-0.07071268701021305,True,200,200
classic_factor,NN=200;a=0,aug-d-balance (individual),ife,0.09102396928744,0.00920776866318037,0.11764963018580805,0.024344057451109402,0.026625660898368056,0.2925126327361997,0.026027219154907074,1.022992919062894,True,200,200
classic_factor,NN=200;a=0,aug-d-balance (residual individual),MCPanel,0.0840313690953817,0.0040992920230512,0.08825970111778073,0.0041600553229351215,0.004228332022399028,0.05031849496108489,0.005840398563465685,0.7239800463018301,True,200,200
classic_factor,NN=200;a=0,aug-d-balance (residual individual),VAR,0.12617337144364,0.00660274690664076,0.1386543848952521,0.006713918700867765,0.012481013451612094,0.09891955258710988,0.009416632680264003,1.3254221413744451,True,200,200
classic_factor,NN=200;a=0,aug-d-balance (residual individual),fe,0.0740856215873438,0.0033654369750598,0.07135281988281375,0.003082157157534421,-0.0027328017045300523,-0.03688707263268615,0.004563535775781792,-0.5988342896384742,True,200,200
classic_factor,NN=200;a=0,aug-d-balance (residual individual),gsynth,0.0549022296727083,0.00271496895555865,0.05603465480226606,0.00260487014692075,0.0011324251295577598,0.020626213840649974,0.0037624998221881894,0.3009767928438507,True,200,200
classic_factor,NN=200;a=0,aug-d-balance (residual individual),ife,0.0771400692954363,0.0110285412517839,0.10869885172558287,0.025767277526528173,0.031558782430146565,0.40911011253153773,0.028028223512585007,1.1259644199703307,True,200,200
classic_factor,NN=200;a=0,aug-d-balance (residual),MCPanel,0.0813141686696839,0.00389919321674254,0.0842897373398638,0.004053058546788043,0.0029755686701798956,0.036593483262029186,0.005624143608157836,0.5290705354436229,True,200,200
classic_factor,NN=200;a=0,aug-d-balance (residual),VAR,0.120729576279495,0.00642051481930566,0.13323808216592606,0.006455978103989746,0.012508505886431057,0.10360763511232111,0.009105089995388218,1.3737926690199316,True,200,200
classic_factor,NN=200;a=0,aug-d-balance (residual),fe,0.0762601844672023,0.00348924082122383,0.07449947315074162,0.0034602650040296704,-0.0017607113164606752,-0.023088212135362923,0.004914085408965457,-0.35829888370445534,True,200,200
classic_factor,NN=200;a=0,aug-d-balance (residual),gsynth,0.0552153352661451,0.00271338503209465,0.05639714880650937,0.0026227423193624826,0.001181813540364264,0.021403719359264394,0.003773756166761464,0.3131663753936876,True,200,200
classic_factor,NN=200;a=0,aug-d-balance (residual),ife,0.0772576803525344,0.0109126786775623,0.10905518742799544,0.025752836127725262,0.03179750707546104,0.41157729471511295,0.027969539226472686,1.1368620275791048,True,200,200
classic_factor,NN=200;a=0,d-balance,fe,0.076277926396759,0.00348995547099565,0.07452201149471367,0.0034613230172894837,-0.0017559149020453246,-0.023019961147238692,0.00491533785405952,-0.3572317822660217,True,200,200
classic_factor,NN=200;a=0,outcome,MCPanel,0.0875723390446454,0.00434815812809834,0.09325260082452469,0.004524853545515277,0.005680261779879292,0.06486365263103716,0.006275410641170012,0.9051617662458248,True,200,200
classic_factor,NN=200;a=0,outcome,VAR,0.147811148486045,0.00831320346113884,0.16360057361267302,0.007972555363784542,0.01578942512662801,0.10682161182259337,0.011518289404894308,1.3708133709436774,True,200,200
classic_factor,NN=200;a=0,outcome,fe,0.417777580209507,0.0214090083152518,0.4535907927054513,0.020302407721750643,0.03581321249594427,0.08572315555560608,0.029504802936856245,1.2138095811922134,True,200,200
classic_factor,NN=200;a=0,outcome,gsynth,0.0542569108162915,0.00268703033105756,0.05577114926122462,0.0026770727134629293,0.0015142384449331192,0.027908674160609326,0.0037930001731071765,0.399219186877251,True,200,200
classic_factor,NN=200;a=0,outcome,ife,0.0769564700369764,0.0112081556960205,0.1086460198804487,0.02591280267754246,0.0316895498434723,0.41178538761258104,0.028232890335767757,1.1224337808348783,True,200,200
classic_factor,NN=200;a=0,u-balance,fe,0.0642329263762733,0.00306616506879969,0.06724252314584574,0.003117310214883846,0.003009596769572437,0.04685442403701753,0.00437252686726412,0.6882969186774911,True,200,200
classic_factor,NN=200;a=1,aug-d-balance,MCPanel,1.58122936570773,0.028919034363186,1.7377767327505125,0.03414141087965092,0.15654736704278238,0.09900357939071955,0.04474311662537914,3.49880336574466,False,200,200
classic_factor,NN=200;a=1,aug-d-balance,VAR,1.04201124765582,0.0276029257197489,1.1319383435043133,0.029478524305927765,0.08992709584849323,0.08630146368458055,0.04038446364067683,2.226774549951311,True,200,200
classic_factor,NN=200;a=1,aug-d-balance,fe,0.614613298509424,0.0151475645420427,0.677445398392318,0.016176878861287467,0.06283209988289395,0.10223029673337036,0.022161681372317367,2.8351684525786425,True,200,200
classic_factor,NN=200;a=1,aug-d-balance,gsynth,0.146566197642119,0.00702181298089245,0.15633545319016542,0.007264482891749337,0.009769255548046418,0.0666542197669663,0.010103393945756472,0.9669281036150832,True,200,200
classic_factor,NN=200;a=1,aug-d-balance,ife,1.62194329519566,0.0922448193977242,1.818507224916736,0.09657354416557552,0.19656392972107595,0.121190383352683,0.13354982642601645,1.4718396495256238,True,200,200
classic_factor,NN=200;a=1,aug-d-balance (individual),MCPanel,1.52947394054697,0.0288935291588214,1.6980571859917812,0.034549022825019565,0.1685832454448113,0.11022302569243031,0.04503855021440394,3.7430877468808057,False,200,200
classic_factor,NN=200;a=1,aug-d-balance (individual),VAR,1.04708931912427,0.0273669644496292,1.1428933381521782,0.029883906232399293,0.09580401902790814,0.09149555561127636,0.04052158184096595,2.364271449320705,True,200,200
classic_factor,NN=200;a=1,aug-d-balance (individual),fe,0.519252330498869,0.0159460730098902,0.5881672996449807,0.017043432833118613,0.06891496914611173,0.13271961452710676,0.0233400052950674,2.9526543920997304,True,200,200
classic_factor,NN=200;a=1,aug-d-balance (individual),gsynth,0.171072129996673,0.00887701501140222,0.18036838952417805,0.007285494927684003,0.00929625952750504,0.05434116900096955,0.011483894455016979,0.8095040897422892,True,200,200
classic_factor,NN=200;a=1,aug-d-balance (individual),ife,1.61651709699597,0.0922210848441471,1.824696105914215,0.09646699842159871,0.20817900891824515,0.12878243558642927,0.1334563984015158,1.5599027953078692,True,200,200
classic_factor,NN=200;a=1,aug-d-balance (residual individual),MCPanel,2.35448095153652,0.0299186003240185,2.506288706122943,0.03544567707785993,0.15180775458642293,0.06447610225402509,0.04638446581406629,3.2728145494862324,False,200,200
classic_factor,NN=200;a=1,aug-d-balance (residual individual),VAR,1.22386289377916,0.0262784810136819,1.3082354291876737,0.02903374848382388,0.08437253540851364,0.06893953222814045,0.039160147029963836,2.154551037409411,True,200,200
classic_factor,NN=200;a=1,aug-d-balance (residual individual),fe,0.516311467799327,0.0160399186494489,0.5854684252038517,0.0170784088056829,0.06915695740452465,0.1339442598462749,0.023429704172587537,2.951678642423383,True,200,200
classic_factor,NN=200;a=1,aug-d-balance (residual individual),gsynth,0.0891165172355088,0.00469398075362983,0.09096672985179204,0.00511458122955292,0.0018502126162832366,0.02076172491563677,0.006942074363556063,0.26652157833346357,True,200,200
classic_factor,NN=200;a=1,aug-d-balance (residual individual),ife,1.61270157720145,0.092633673131683,1.7910739235179394,0.0974701737528509,0.17837234631648946,0.11060468274981303,0.13446721596462996,1.3265117823470685,True,200,200
classic_factor,NN=200;a=1,aug-d-balance (residual),MCPanel,2.24264833136277,0.029049033807661,2.386161707888105,0.03420447266636268,0.1435133765253349,0.06399281354920565,0.04487529738667571,3.1980484784028786,False,200,200
classic_factor,NN=200;a=1,aug-d-balance (residual),VAR,1.15166376688594,0.0257550309935659,1.23783375540935,0.02833434036531762,0.08616998852340996,0.07482217553514833,0.03829042263304504,2.2504318990996026,True,200,200
classic_factor,NN=200;a=1,aug-d-balance (residual),fe,0.607787633896574,0.0151223210030975,0.670820716728099,0.01616930233571589,0.06303308283152498,0.10370905776317785,0.02213890084318802,2.8471640610342135,True,200,200
classic_factor,NN=200;a=1,aug-d-balance (residual),gsynth,0.0897860196406337,0.00467367266211218,0.09196324020432035,0.005262911142504456,0.0021772205636866604,0.024248993021418384,0.0070385687356501895,0.30932717225010364,True,200,200
classic_factor,NN=200;a=1,aug-d-balance (residual),ife,1.61253679549048,0.0925725781186768,1.791090308850492,0.09742114905241708,0.17855351336001202,0.11072833429869239,0.13438959223924962,1.3286260519500552,True,200,200
classic_factor,NN=200;a=1,d-balance,fe,0.614613298510154,0.0151475645426816,0.6774453983923181,0.01617687886128747,0.0628320998821641,0.10223029673206144,0.02216168137275406,2.8351684524898424,True,200,200
classic_factor,NN=200;a=1,outcome,MCPanel,2.38194985215933,0.0299948965585072,2.532404311623362,0.03518554299343771,0.15045445946403202,0.0631644110087537,0.04623544371257402,3.254093556435687,False,200,200
classic_factor,NN=200;a=1,outcome,VAR,1.45941918992697,0.0296491530783488,1.550827997174202,0.032457918458704035,0.0914088072472321,0.06263368871544456,0.04396121869256175,2.0793055780935052,True,200,200
classic_factor,NN=200;a=1,outcome,fe,6.74526039240468,0.0316441075699058,6.857488990454288,0.03399313151082622,0.11222859804960805,0.016638141675891425,0.046442249448192065,2.4165194275269317,True,200,200
classic_factor,NN=200;a=1,outcome,gsynth,0.0883730599149826,0.00463082617103677,0.09085940923449855,0.0052022262586269,0.002486349319515954,0.028134697631924176,0.006964747595735707,0.3569905851345233,True,200,200
classic_factor,NN=200;a=1,outcome,ife,1.61265947900622,0.0926352670898286,1.7907786982764378,0.09747977413224043,0.17811921927021768,0.11045060757648681,0.13447527309389073,1.3245499724388343,True,200,200
classic_factor,NN=200;a=1,u-balance,fe,2.39301594710421,0.0326442792400016,2.47214586178786,0.034999891865189495,0.07912991468365016,0.0330670235521854,0.04786064560444371,1.6533398930227383,True,200,200
mixed_factor,NN=200;a=0,aug-d-balance,MCPanel,0.0890344430822203,0.00464243299970302,0.08785296739408316,0.005764774381166509,-0.0011814756881371458,-0.013269872279047029,0.007401676014423037,-0.1596227240742369,True,200,200
mixed_factor,NN=200;a=0,aug-d-balance,VAR,0.203267846178669,0.00848663581065818,0.2222424272271695,0.012695339396733845,0.0189745810485005,0.09334767601080479,0.015270711502120924,1.2425472805157214,True,200,200
mixed_factor,NN=200;a=0,aug-d-balance,fe,0.0863295183458979,0.00423888751113803,0.08714314487464872,0.005590061248166323,0.0008136265287508188,0.009424661973565611,0.007015479462612145,0.11597589773969247,True,200,200
mixed_factor,NN=200;a=0,aug-d-balance,gsynth,0.0745521744227029,0.00388316247413902,0.07005666507687397,0.0036508213582331574,-0.00449550934582893,-0.060300177434663,0.005329863730930921,-0.8434567134878209,True,200,200
mixed_factor,NN=200;a=0,aug-d-balance,ife,0.0741082356624445,0.00386782748700734,0.06968346493116079,0.003606170128481672,-0.004424770731283709,-0.059706869172248156,0.005288152084121923,-0.8367328815238536,True,200,200
mixed_factor,NN=200;a=0,aug-d-balance (individual),MCPanel,0.0863849046812577,0.00426752207343289,0.08358503336590448,0.005046695570289155,-0.002799871315353225,-0.032411580769628294,0.006609151293956973,-0.4236355306184723,True,200,200
mixed_factor,NN=200;a=0,aug-d-balance (individual),VAR,0.199143893464158,0.00817018080349393,0.21235952178118953,0.01202683109566321,0.01321562831703152,0.0663622071816632,0.014539481440732069,0.9089477070350115,True,200,200
mixed_factor,NN=200;a=0,aug-d-balance (individual),fe,0.0857504431799337,0.00406901876311982,0.08545329378612863,0.004636282992065221,-0.00029714939380506844,-0.003465281143580186,0.006168633047696579,-0.04817102776376471,True,200,200
mixed_factor,NN=200;a=0,aug-d-balance (individual),gsynth,0.0709553559513511,0.00345828600882012,0.06634660545698898,0.0034150382682237163,-0.004608750494362129,-0.06495282043996808,0.004860270413488681,-0.948249809634355,True,200,200
mixed_factor,NN=200;a=0,aug-d-balance (individual),ife,0.0705427510753175,0.00343714676414541,0.06600207401154023,0.003395946197620427,-0.004540677063777268,-0.06436773438179709,0.00483181419918108,-0.9397457924907057,True,200,200
mixed_factor,NN=200;a=0,aug-d-balance (residual individual),MCPanel,0.123891425448524,0.00656914152881131,0.12440885007266306,0.007392720926788617,0.0005174246241390623,0.004176436119496006,0.00988968872750461,0.05231960665253619,True,200,200
mixed_factor,NN=200;a=0,aug-d-balance (residual individual),VAR,0.227593522222428,0.00990324800920243,0.24088766014930996,0.013118156428843246,0.013294137926881944,0.05841175881047059,0.01643655527242169,0.8088153330514273,True,200,200
mixed_factor,NN=200;a=0,aug-d-balance (residual individual),fe,0.0857198610725202,0.00406772916262849,0.08541616519487144,0.004632987608122141,-0.0003036958776487658,-0.003542888122413484,0.006165305727821743,-0.04925885123235636,True,200,200
mixed_factor,NN=200;a=0,aug-d-balance (residual individual),gsynth,0.0564266928929833,0.00244101846194522,0.05275530535218215,0.002403147019663121,-0.003671387540801152,-0.06506473005185977,0.0034254469386743023,-1.071798105920167,True,200,200
mixed_factor,NN=200;a=0,aug-d-balance (residual individual),ife,0.0561295742277535,0.00243529680698238,0.05267591204087451,0.002384502832426442,-0.0034536621868789877,-0.061530168977681474,0.0034083022600626695,-1.0133086573182872,True,200,200
mixed_factor,NN=200;a=0,aug-d-balance (residual),MCPanel,0.119016057742685,0.00642518561343435,0.11952196571036139,0.007067037925381384,0.0005059079676763834,0.004250753866929168,0.009551232130246995,0.0529678224523793,True,200,200
mixed_factor,NN=200;a=0,aug-d-balance (residual),VAR,0.226999832762621,0.00986409262647062,0.24080936314320855,0.013090369898362651,0.013809530380587548,0.06083498041616839,0.01639079337370681,0.8425175075869129,True,200,200
mixed_factor,NN=200;a=0,aug-d-balance (residual),fe,0.0862548143797351,0.00423578539325434,0.08706015436273333,0.005584762828927414,0.0008053399829982266,0.009336753997901305,0.007009383264815539,0.1148945567066834,True,200,200
mixed_factor,NN=200;a=0,aug-d-balance (residual),gsynth,0.0563113778218445,0.00244616315357437,0.05296937083445894,0.0024465016555255867,-0.003342006987385557,-0.05934869855180695,0.0034596364728673944,-0.9659994665900996,True,200,200
mixed_factor,NN=200;a=0,aug-d-balance (residual),ife,0.0559945491210736,0.00244462304184972,0.05282615446359938,0.002407618916764008,-0.003168394657474219,-0.0565839837485501,0.0034311529643987707,-0.9234198213688226,True,200,200
mixed_factor,NN=200;a=0,d-balance,fe,0.0863295183459004,0.00423888751113716,0.08714314487464876,0.0055900612481663255,0.0008136265287483624,0.009424661973536886,0.0070154794626116216,0.11597589773935098,True,200,200
mixed_factor,NN=200;a=0,outcome,MCPanel,0.128490577350752,0.00690124234499484,0.13010982879003702,0.00780036997245088,0.0016192514392850132,0.01260210260293874,0.010415033250617264,0.155472517496672,True,200,200
mixed_factor,NN=200;a=0,outcome,VAR,0.258823460404065,0.0113888780139848,0.274828625127862,0.014813510920723746,0.016005164723796983,0.061838152920180994,0.01868546622955467,0.8565568836854456,True,200,200
mixed_factor,NN=200;a=0,outcome,fe,0.398266766517199,0.0192095861527437,0.41420837627223955,0.023070125584450173,0.015941609755040553,0.04002746675161539,0.030020641143086616,0.531021628720668,True,200,200
mixed_factor,NN=200;a=0,outcome,gsynth,0.0563842679802684,0.00240997687366949,0.053299837729571954,0.002461152784917738,-0.003084430250696449,-0.054703738492727104,0.0034445988971620635,-0.8954395976952932,True,200,200
mixed_factor,NN=200;a=0,outcome,ife,0.0561154482055466,0.00240486123703778,0.053198058413802735,0.0024390642134639526,-0.0029173897917438643,-0.05198906691536506,0.0034252579182898635,-0.8517285008424814,True,200,200
mixed_factor,NN=200;a=0,u-balance,fe,0.0983827052478332,0.00534016186437622,0.10279552076562995,0.006781867173725219,0.00441281551779675,0.04485356960535438,0.008631978400099816,0.5112171640450031,True,200,200
mixed_factor,NN=200;a=1,aug-d-balance,MCPanel,1.22573875378056,0.0192594332789977,1.2395160793955446,0.020739796529308158,0.013777325614984681,0.011240017966708746,0.028303090472689845,0.4867781357049566,True,200,200
mixed_factor,NN=200;a=1,aug-d-balance,VAR,0.403568341513179,0.0207615191913327,0.4158499763508733,0.020746461594230017,0.012281634837694289,0.03043260229889271,0.029350576618065564,0.4184461176866564,True,200,200
mixed_factor,NN=200;a=1,aug-d-balance,fe,1.79058352198836,0.0225323438903863,1.8070343799270474,0.021535084824854663,0.016450857938687502,0.009187428420216661,0.03116835574117304,0.5278064096578604,True,200,200
mixed_factor,NN=200;a=1,aug-d-balance,gsynth,0.194838332023009,0.00787738968998152,0.1872106986040025,0.008096490526796276,-0.007627633419006491,-0.03914852554837989,0.011296301482269717,-0.6752328123482327,True,200,200
mixed_factor,NN=200;a=1,aug-d-balance,ife,0.162472506081637,0.00630728174934578,0.1580600283677723,0.006659384859348189,-0.004412477713864688,-0.027158304012665165,0.009172197652174002,-0.48107093645314525,True,200,200
mixed_factor,NN=200;a=1,aug-d-balance (individual),MCPanel,1.15388711673108,0.0208778328919279,1.168799470213293,0.022117429346384915,0.01491235348221287,0.012923580882382171,0.030414874439254145,0.49029804518826614,True,200,200
mixed_factor,NN=200;a=1,aug-d-balance (individual),VAR,0.389230531846265,0.0205239048942832,0.40926469977256774,0.022514455973317356,0.02003416792630275,0.051471213810677305,0.03046524905337272,0.6576072262269861,True,200,200
mixed_factor,NN=200;a=1,aug-d-balance (individual),fe,1.52715590315544,0.0294551806220447,1.550957369968005,0.02846538539690228,0.02380146681256501,0.015585485911023192,0.04096200472720366,0.5810620591222674,True,200,200
mixed_factor,NN=200;a=1,aug-d-balance (individual),gsynth,0.207100960223297,0.00932019940093711,0.20311797034971413,0.008480555583895665,-0.003982989873582865,-0.019232116882936665,0.01260102931846333,-0.3160844858718718,True,200,200
mixed_factor,NN=200;a=1,aug-d-balance (individual),ife,0.18824526439423,0.00842084513998242,0.1859488336078267,0.007870014448334541,-0.002296430786403292,-0.012199142399641054,0.01152596027620085,-0.1992398664729941,True,200,200
mixed_factor,NN=200;a=1,aug-d-balance (residual individual),MCPanel,1.60087354019844,0.0199779789923907,1.6090730427811886,0.021039547066316024,0.008199502582748597,0.0051218927522109015,0.029013482820511766,0.28261007592483056,True,200,200
mixed_factor,NN=200;a=1,aug-d-balance (residual individual),VAR,0.440689160526396,0.0231497977201598,0.41779969967872865,0.025548852220224065,-0.022889460847667353,-0.05194014942488321,0.03447690508521848,-0.6639070644853475,True,200,200
mixed_factor,NN=200;a=1,aug-d-balance (residual individual),fe,1.51391932194891,0.0297990163788193,1.5377127480086241,0.02879314104921018,0.02379342605971413,0.015716442557245518,0.041437016647254576,0.5742070251404204,True,200,200
mixed_factor,NN=200;a=1,aug-d-balance (residual individual),gsynth,0.0899609153265953,0.00421358956442113,0.08997459956553763,0.0037655585669948656,1.3684238942338056e-05,0.00015211315817161946,0.005650997110144994,0.00242156183689624,True,200,200
mixed_factor,NN=200;a=1,aug-d-balance (residual individual),ife,0.0903056488563826,0.00425678318902957,0.090087753992567,0.003672058799591899,-0.00021789486381561252,-0.0024128597333057332,0.0056217629749096545,-0.03875916946126926,True,200,200
mixed_factor,NN=200;a=1,aug-d-balance (residual),MCPanel,1.49611782804439,0.0189112331561506,1.5066465181082778,0.020077031827900972,0.01052869006388768,0.0070373401523127176,0.027581188272169103,0.381734461909014,True,200,200
mixed_factor,NN=200;a=1,aug-d-balance (residual),VAR,0.458681992603,0.0239050580629891,0.4333704117133548,0.025770398639389642,-0.025311580889645247,-0.05518328885335817,0.035150608060571804,-0.7200894176859794,True,200,200
mixed_factor,NN=200;a=1,aug-d-balance (residual),fe,1.78040700849898,0.0227479635353286,1.7968935155606929,0.02175114125372253,0.01648650706171284,0.009259965268060943,0.03147351252790241,0.5238216435835357,True,200,200
mixed_factor,NN=200;a=1,aug-d-balance (residual),gsynth,0.091422253059371,0.00421538149547904,0.0909740913388434,0.0037767529108978055,-0.0004481617205275984,-0.004902107589019441,0.005659797143220078,-0.07918335395897631,True,200,200
mixed_factor,NN=200;a=1,aug-d-balance (residual),ife,0.0907291477238437,0.00425771121753715,0.0904058435176876,0.0037018171563974653,-0.00032330420615610256,-0.0035633995718791253,0.005641946035840851,-0.05730366864594066,True,200,200
mixed_factor,NN=200;a=1,d-balance,fe,1.79058352199517,0.0225323438904824,1.8070343799270474,0.02153508482485467,0.016450857931877394,0.00918742841637843,0.031168355741242517,0.5278064094381896,True,200,200
mixed_factor,NN=200;a=1,outcome,MCPanel,1.62494253890176,0.0197961831323698,1.6357024667769007,0.021016128743465142,0.010759927875140685,0.006621728225794945,0.028871552330490033,0.372682693052759,True,200,200
mixed_factor,NN=200;a=1,outcome,VAR,0.414180565442466,0.0197078222812537,0.40032620800173746,0.022505193040925013,-0.013854357440728549,-0.03345004231651488,0.029914577932486017,-0.4631306339001788,True,200,200
mixed_factor,NN=200;a=1,outcome,fe,4.16149958340748,0.0286119077888173,4.158925458105261,0.030108728197049853,-0.002574125302218455,-0.0006185571452372306,0.04153524745273114,-0.06197447854735711,True,200,200
mixed_factor,NN=200;a=1,outcome,gsynth,0.0909644290829524,0.00425060046904081,0.09114846499099127,0.00370735741379807,0.00018403590803887926,0.002023163448550345,0.005640221923032237,0.03262919625331689,True,200,200
mixed_factor,NN=200;a=1,outcome,ife,0.0905867268610287,0.00426110465291761,0.0906427163823236,0.003702612824786904,5.598952129490242e-05,0.0006180764360853584,0.0056450291933162365,0.009918375862642924,True,200,200
mixed_factor,NN=200;a=1,u-balance,fe,2.89924163746563,0.030043029160528,2.9094779063904666,0.03109163089160903,0.010236268924836534,0.003530671190892719,0.04323509121813429,0.236758351524955,True,200,200
synthetic_control,NN=200;active=0.1;unitb=penSCM,aug-d-balance,MCPanel,0.127098853479582,0.00666962403584016,0.1223217157557845,0.005951935043684893,-0.004777137723797495,-0.037586001706655256,0.008939206650687804,-0.5344028738198966,True,200,200
synthetic_control,NN=200;active=0.1;unitb=penSCM,aug-d-balance,VAR,0.785572290286662,0.0223142785051043,0.8013803775499807,0.020827517849650267,0.015808087263318726,0.020123020451179894,0.03052396640315377,0.5178909927539894,True,200,200
synthetic_control,NN=200;active=0.1;unitb=penSCM,aug-d-balance,fe,0.112501295901475,0.00647699050710275,0.11571517548151698,0.005345886932785148,0.0032138795800419756,0.028567489416802695,0.008398208923765955,0.38268630957096933,True,200,200
synthetic_control,NN=200;active=0.1;unitb=penSCM,aug-d-balance,gsynth,0.108592874365156,0.00648052365530297,0.11261884048854791,0.004968444871229718,0.004025966123391914,0.03707394381931673,0.008165943380001496,0.49301910827003265,True,200,200
synthetic_control,NN=200;active=0.1;unitb=penSCM,aug-d-balance,ife,0.149068968986088,0.0124804344938829,0.16309622905172336,0.01650224565649379,0.014027260065635344,0.09409912848424175,0.020690223702593703,0.6779656067168043,True,200,200
synthetic_control,NN=200;active=0.1;unitb=penSCM,aug-d-balance (individual),MCPanel,0.144764521197608,0.0084012167455352,0.144860671642531,0.006600565065896175,9.61504449230044e-05,0.0006641851479048248,0.010684002152498382,0.008999478243321044,True,200,200
synthetic_control,NN=200;active=0.1;unitb=penSCM,aug-d-balance (individual),VAR,0.800008555157493,0.0236754805700576,0.8215380170438881,0.02260968525511331,0.02152946188639504,0.02691153956741958,0.03273723029760556,0.6576445744089027,True,200,200
synthetic_control,NN=200;active=0.1;unitb=penSCM,aug-d-balance (individual),fe,0.128621419215134,0.00755484574763323,0.1331350090854369,0.006088136286369097,0.004513589870302898,0.035092054634799225,0.00970263354517401,0.46519224386743024,True,200,200
synthetic_control,NN=200;active=0.1;unitb=penSCM,aug-d-balance (individual),gsynth,0.124209037302802,0.00771701712049358,0.1314014731468255,0.005953767443299511,0.007192435844023487,0.05790589799427771,0.009746778955474687,0.7379295125989858,True,200,200
synthetic_control,NN=200;active=0.1;unitb=penSCM,aug-d-balance (individual),ife,0.165468116952677,0.0125038169608371,0.17729064542054615,0.01508611890462849,0.011822528467869159,0.07144898174704158,0.019594295654468078,0.6033658303595758,True,200,200
synthetic_control,NN=200;active=0.1;unitb=penSCM,aug-d-balance (residual individual),MCPanel,0.29815613817437,0.0114627800250006,0.2889625269127026,0.009469797180296925,-0.0091936112616674,-0.030834888451267507,0.014868503103457064,-0.6183279646711578,True,200,200
synthetic_control,NN=200;active=0.1;unitb=penSCM,aug-d-balance (residual individual),VAR,0.85513167221615,0.0238657442986095,0.8782439778223606,0.022956480335027334,0.02311230560621058,0.02702777403427589,0.033114554810522646,0.6979500626976963,True,200,200
synthetic_control,NN=200;active=0.1;unitb=penSCM,aug-d-balance (residual individual),fe,0.128611246209558,0.00755612685629361,0.13314697710338302,0.006087905393760587,0.00453573089382503,0.03526698502271373,0.009703486237006821,0.46743312486256905,True,200,200
synthetic_control,NN=200;active=0.1;unitb=penSCM,aug-d-balance (residual individual),gsynth,0.0897794381119989,0.00513398074869822,0.09910989168021414,0.005109836267737842,0.009330453568215241,0.10392639745167039,0.007243492597572869,1.2881152900386295,True,200,200
synthetic_control,NN=200;active=0.1;unitb=penSCM,aug-d-balance (residual individual),ife,0.137624923070499,0.0133062552122236,0.15658412207626787,0.017144152651819063,0.018959199005768868,0.1377599244582824,0.021702036722890835,0.8736138108996525,True,200,200
synthetic_control,NN=200;active=0.1;unitb=penSCM,aug-d-balance (residual),MCPanel,0.27878289005865,0.0109997732791298,0.266741851984585,0.009649291117348396,-0.01204103807406498,-0.043191452931461476,0.014632287287351784,-0.8229088069145081,True,200,200
synthetic_control,NN=200;active=0.1;unitb=penSCM,aug-d-balance (residual),VAR,0.79581657553051,0.0225732946292325,0.8105923737794585,0.021001092764541887,0.01477579824894848,0.01856683902204297,0.030831794104836496,0.47923900239819783,True,200,200
synthetic_control,NN=200;active=0.1;unitb=penSCM,aug-d-balance (residual),fe,0.111706570343458,0.00643162087207382,0.11556165383179741,0.005354865872477331,0.003855083488339406,0.034510803406517576,0.00836901042861807,0.46063791187986075,True,200,200
synthetic_control,NN=200;active=0.1;unitb=penSCM,aug-d-balance (residual),gsynth,0.0892053775032552,0.00502523857042152,0.09876596196926282,0.004922001180500166,0.009560584466007618,0.10717497906063726,0.007034139486141652,1.3591690191591246,True,200,200
synthetic_control,NN=200;active=0.1;unitb=penSCM,aug-d-balance (residual),ife,0.136847101854368,0.0131559333371476,0.1563426627853457,0.01723803180925064,0.019495560930977707,0.14246235884282582,0.021684748618054313,0.8990448205955254,True,200,200
synthetic_control,NN=200;active=0.1;unitb=penSCM,d-balance,fe,0.112501295904272,0.00647699050732551,0.11571517548151698,0.0053458869327851445,0.003213879577244977,0.02856748939123053,0.008398208923937753,0.38268630923009384,True,200,200
synthetic_control,NN=200;active=0.1;unitb=penSCM,outcome,MCPanel,0.326462648519482,0.0117259724843372,0.3187957268297957,0.009897495291893784,-0.007666921689686301,-0.023484835782764196,0.01534466825175744,-0.49964727577660084,True,200,200
synthetic_control,NN=200;active=0.1;unitb=penSCM,outcome,VAR,1.20130904552179,0.0311629859032136,1.2319013675564114,0.029900758880058106,0.030592322034621366,0.02546582176223734,0.043187811614010536,0.708355457045129,True,200,200
synthetic_control,NN=200;active=0.1;unitb=penSCM,outcome,fe,1.77700556060211,0.0455627743593644,1.8114936057939282,0.046151350411897836,0.03448804519181814,0.01940795569606007,0.06485301498129549,0.5317878467449042,True,200,200
synthetic_control,NN=200;active=0.1;unitb=penSCM,outcome,gsynth,0.0895492153332582,0.00489696708963688,0.09934836756456963,0.0051713867149006795,0.009799152231311434,0.10942756108854558,0.007122045157961155,1.3758902132707989,True,200,200
synthetic_control,NN=200;active=0.1;unitb=penSCM,outcome,ife,0.137017813995058,0.0131766588327799,0.15668376106604318,0.01733660256685256,0.01966594707098518,0.14352839603538337,0.021775723330270235,0.9031133787251845,True,200,200
synthetic_control,NN=200;active=0.1;unitb=penSCM,u-balance,fe,0.105779974585096,0.0057624454777929,0.11007156317902762,0.005475265762550048,0.004291588593931625,0.04057089832706666,0.00794885608468845,0.5399001501861801,True,200,200
synthetic_control,NN=200;active=0.1;unitb=ridge,aug-d-balance,MCPanel,0.149466190870751,0.0087267126115996,0.1503294075987173,0.006637878354136457,0.0008632167279662983,0.0057753310159135195,0.010964348683335678,0.07872941228859956,True,200,200
synthetic_control,NN=200;active=0.1;unitb=ridge,aug-d-balance,VAR,0.807057879208819,0.0240642424090528,0.8288238827425993,0.023199997172516824,0.02176600353378033,0.026969569462748002,0.03342645107585374,0.6511610665573598,True,200,200
synthetic_control,NN=200;active=0.1;unitb=ridge,aug-d-balance,fe,0.141951676601006,0.00839138797442586,0.146590337297509,0.006793588847533614,0.004638660696503011,0.032677745043767505,0.010796677339194314,0.4296377997389671,True,200,200
synthetic_control,NN=200;active=0.1;unitb=ridge,aug-d-balance,gsynth,0.130354351264367,0.00810794884423433,0.13769857517999642,0.00617974719684579,0.0073442239156294165,0.05634045848408127,0.010194513714623382,0.7204094399416614,True,200,200
synthetic_control,NN=200;active=0.1;unitb=ridge,aug-d-balance,ife,0.167891252729321,0.0119383230622045,0.18278888585584827,0.015240132752892582,0.014897633126527254,0.08873382552303447,0.01935936992423444,0.7695308878765783,True,200,200
synthetic_control,NN=200;active=0.1;unitb=ridge,aug-d-balance (individual),MCPanel,0.145475255431414,0.00847387471731782,0.145369169842316,0.006462900428239426,-0.00010608558909802612,-0.000729234595831601,0.010657186996113727,-0.009954370617378819,True,200,200
synthetic_control,NN=200;active=0.1;unitb=ridge,aug-d-balance (individual),VAR,0.80288450037724,0.0238139735735008,0.8242625278919128,0.02286722988694175,0.02137802751467277,0.02662652910179257,0.03301538338504698,0.6475171669324036,True,200,200
synthetic_control,NN=200;active=0.1;unitb=ridge,aug-d-balance (individual),fe,0.13077551390257,0.00776580417847172,0.13519216944401255,0.006130681407043387,0.004416655541442549,0.03377280203030235,0.0098940875806229,0.4463934147998001,True,200,200
synthetic_control,NN=200;active=0.1;unitb=ridge,aug-d-balance (individual),gsynth,0.124841789151666,0.0078570282988866,0.13143204122026628,0.00587808001481533,0.006590252068600283,0.05278883067427056,0.009812477686602719,0.6716195724549936,True,200,200
synthetic_control,NN=200;active=0.1;unitb=ridge,aug-d-balance (individual),ife,0.164926945327864,0.0122043343781563,0.17846596529755338,0.015556008051069466,0.01353901996968937,0.08209101273763776,0.019772080419085538,0.6847544458002741,True,200,200
synthetic_control,NN=200;active=0.1;unitb=ridge,aug-d-balance (residual individual),MCPanel,0.298891442972635,0.0114209296202019,0.29156603349662663,0.009589517644237534,-0.007325409476008349,-0.02450859550595775,0.014912963556541942,-0.4912108480808884,True,200,200
synthetic_control,NN=200;active=0.1;unitb=ridge,aug-d-balance (residual individual),VAR,0.871559545115635,0.0242102538869012,0.8965074861346062,0.023278216503383395,0.02494794101897113,0.028624482582726048,0.03358588627454404,0.742810263068153,True,200,200
synthetic_control,NN=200;active=0.1;unitb=ridge,aug-d-balance (residual individual),fe,0.130730388130052,0.00776289879270573,0.1351461173041448,0.0061292542861737485,0.004415729174092803,0.033777373702126454,0.00989092289780743,0.4464425837422774,True,200,200
synthetic_control,NN=200;active=0.1;unitb=ridge,aug-d-balance (residual individual),gsynth,0.0896960925247368,0.00503825081366577,0.09950495882375426,0.005029245732067447,0.009808866299017463,0.10935667343939569,0.007118797924855181,1.3778823900549202,True,200,200
synthetic_control,NN=200;active=0.1;unitb=ridge,aug-d-balance (residual individual),ife,0.137523621522409,0.0132915005259173,0.15670352174906635,0.017171064772956452,0.01917990022665736,0.13946622416085852,0.021714268388953975,0.8832855836125777,True,200,200
synthetic_control,NN=200;active=0.1;unitb=ridge,aug-d-balance (residual),MCPanel,0.285229261849719,0.0112117542372539,0.2759684509664029,0.009342073295045461,-0.009260810883316095,-0.032467955157403916,0.014593757793199883,-0.6345734261556176,True,200,200
synthetic_control,NN=200;active=0.1;unitb=ridge,aug-d-balance (residual),VAR,0.863122422979782,0.0239448292411604,0.8926166543934351,0.02299320855764741,0.029494231413653038,0.034171550441047825,0.03319702527582555,0.8884600704006775,True,200,200
synthetic_control,NN=200;active=0.1;unitb=ridge,aug-d-balance (residual),fe,0.141685138846855,0.00837978851927214,0.14631804518067554,0.006781128982049031,0.004632906333820547,0.03269860460685418,0.010779822164530845,0.4297757665302058,True,200,200
synthetic_control,NN=200;active=0.1;unitb=ridge,aug-d-balance (residual),gsynth,0.0890625286124508,0.00499509365731794,0.09959123686929552,0.005112275498506006,0.010528708256844724,0.11821703718585896,0.007147469581467468,1.4730679349995979,True,200,200
synthetic_control,NN=200;active=0.1;unitb=ridge,aug-d-balance (residual),ife,0.136984346142417,0.0132418204196535,0.15551947693159127,0.017078892684376564,0.018535130789174264,0.13530838603926357,0.02161097830619437,0.8576719909001771,True,200,200
synthetic_control,NN=200;active=0.1;unitb=ridge,d-balance,fe,0.141951676601197,0.00839138797447238,0.14659033729750906,0.006793588847533621,0.0046386606963120525,0.032677745042378296,0.010796677339230476,0.4296377997198413,True,200,200
synthetic_control,NN=200;active=0.1;unitb=ridge,outcome,MCPanel,0.326462648519482,0.0117259724843372,0.3187957268297957,0.009897495291893784,-0.007666921689686301,-0.023484835782764196,0.01534466825175744,-0.49964727577660084,True,200,200
synthetic_control,NN=200;active=0.1;unitb=ridge,outcome,VAR,1.20130904552179,0.0311629859032136,1.2319013675564114,0.029900758880058106,0.030592322034621366,0.02546582176223734,0.043187811614010536,0.708355457045129,True,200,200
synthetic_control,NN=200;active=0.1;unitb=ridge,outcome,fe,1.77700556060211,0.0455627743593644,1.8114936057939282,0.046151350411897836,0.03448804519181814,0.01940795569606007,0.06485301498129549,0.5317878467449042,True,200,200
synthetic_control,NN=200;active=0.1;unitb=ridge,outcome,gsynth,0.0895492153332582,0.00489696708963688,0.09934836756456963,0.0051713867149006795,0.009799152231311434,0.10942756108854558,0.007122045157961155,1.3758902132707989,True,200,200
synthetic_control,NN=200;active=0.1;unitb=ridge,outcome,ife,0.137017813995058,0.0131766588327799,0.15668376106604318,0.01733660256685256,0.01966594707098518,0.14352839603538337,0.021775723330270235,0.9031133787251845,True,200,200
synthetic_control,NN=200;active=0.1;unitb=ridge,u-balance,fe,0.203745269194042,0.00956387659007293,0.192302517616667,0.007774571166163046,-0.01144275157737501,-0.05616204794663091,0.012325246133358914,-0.9283994375093746,True,200,200
synthetic_control,NN=200;active=0.5;unitb=penSCM,aug-d-balance,MCPanel,0.125617331498561,0.00623120416048478,0.13093323669921197,0.007341569121955653,0.005315905200650978,0.042318246512917476,0.009629462210429797,0.5520459070801743,True,200,200
synthetic_control,NN=200;active=0.5;unitb=penSCM,aug-d-balance,VAR,0.569727269099774,0.00982816069291351,0.5769845304842283,0.010764361883548963,0.007257261384454261,0.012738132397842671,0.014576152762842874,0.49788593070691955,True,200,200
synthetic_control,NN=200;active=0.5;unitb=penSCM,aug-d-balance,fe,0.127711219928532,0.00608556091974397,0.1301395477083712,0.007645605180200328,0.002428327779839201,0.01901420862785673,0.009771864217201403,0.24850199776257823,True,200,200
synthetic_control,NN=200;active=0.5;unitb=penSCM,aug-d-balance,gsynth,0.122596121681043,0.00604579726078146,0.12478560558316261,0.007484508041905731,0.002189483902119607,0.01785932435787784,0.009621305792241724,0.22756619001602968,True,200,200
synthetic_control,NN=200;active=0.5;unitb=penSCM,aug-d-balance,ife,0.151234230315425,0.01494730819991,0.1517316188811548,0.019089781327950067,0.0004973885657298116,0.0032888623474488696,0.024245448512495035,0.020514719101751386,True,200,200
synthetic_control,NN=200;active=0.5;unitb=penSCM,aug-d-balance (individual),MCPanel,0.138376995766159,0.00695288088212141,0.1367628489181648,0.008428025045042314,-0.0016141468479942134,-0.011664849630945403,0.010925848192283741,-0.14773652531015272,True,200,200
synthetic_control,NN=200;active=0.5;unitb=penSCM,aug-d-balance (individual),VAR,0.59295936627996,0.0125779033331229,0.5935424217765678,0.014107037324921783,0.0005830554966077539,0.0009832975575808172,0.01890005699314477,0.030849404148317314,True,200,200
synthetic_control,NN=200;active=0.5;unitb=penSCM,aug-d-balance (individual),fe,0.138582126473995,0.00668996381056879,0.13527079768682032,0.008826622975504102,-0.003311328787174689,-0.023894342448238164,0.011075418228600533,-0.2989800221380084,True,200,200
synthetic_control,NN=200;active=0.5;unitb=penSCM,aug-d-balance (individual),gsynth,0.137970200224291,0.00662077492076376,0.13481778184888352,0.008792322100794454,-0.003152418375407473,-0.022848545340100616,0.01100634310184509,-0.28641832679911694,True,200,200
synthetic_control,NN=200;active=0.5;unitb=penSCM,aug-d-balance (individual),ife,0.1626987424926,0.01407027522491,0.16183055964643997,0.01747563326938332,-0.0008681828461600261,-0.005336137408680423,0.02243591770065787,-0.038696114763095646,True,200,200
synthetic_control,NN=200;active=0.5;unitb=penSCM,aug-d-balance (residual individual),MCPanel,0.209122632907855,0.00660394761255963,0.2153848577125312,0.006594713911085563,0.006262224804676225,0.02994522743712551,0.009332865349853574,0.6709863016264854,True,200,200
synthetic_control,NN=200;active=0.5;unitb=penSCM,aug-d-balance (residual individual),VAR,0.625495587485443,0.00998425836252322,0.6241231183683776,0.01122853176666032,-0.0013724691170653447,-0.0021942107099153373,0.015025489698659236,-0.0913427212417452,True,200,200
synthetic_control,NN=200;active=0.5;unitb=penSCM,aug-d-balance (residual individual),fe,0.138610597404664,0.00669075247339636,0.13531741431361816,0.008828397117767953,-0.0032931830910458426,-0.023758523177211506,0.011077308532729103,-0.2972909061181945,True,200,200
synthetic_control,NN=200;active=0.5;unitb=penSCM,aug-d-balance (residual individual),gsynth,0.0992120841874839,0.00478841508927489,0.0994076550978146,0.005721895702396754,0.00019557091033070573,0.001971240821441971,0.007461166765077825,0.026211840116760317,True,200,200
synthetic_control,NN=200;active=0.5;unitb=penSCM,aug-d-balance (residual individual),ife,0.133120866856483,0.0165314862167898,0.1338896281321843,0.016018132582618617,0.0007687612757013018,0.0057749118816218335,0.023018918479595415,0.033396932891645296,True,200,200
synthetic_control,NN=200;active=0.5;unitb=penSCM,aug-d-balance (residual),MCPanel,0.20222392357109,0.00681491586596724,0.20615402513764178,0.0072676566082706786,0.003930101566551769,0.019434404679474916,0.009963027192372432,0.394468617887604,True,200,200
synthetic_control,NN=200;active=0.5;unitb=penSCM,aug-d-balance (residual),VAR,0.577413903352158,0.0095437540454443,0.5794333484041937,0.010079362485665403,0.002019445052035662,0.0034973959586214296,0.013880806511055959,0.14548470583659454,True,200,200
synthetic_control,NN=200;active=0.5;unitb=penSCM,aug-d-balance (residual),fe,0.128274234979419,0.00614137749798446,0.13035515165588057,0.0077885185786008655,0.0020809166764615694,0.016222405667010546,0.009918545217014475,0.20980059383022445,True,200,200
synthetic_control,NN=200;active=0.5;unitb=penSCM,aug-d-balance (residual),gsynth,0.0985277900039569,0.00477448804477078,0.09923034441967189,0.005661588661109124,0.0007025544157149982,0.007130520391117912,0.007406032828529625,0.09486244957065382,True,200,200
synthetic_control,NN=200;active=0.5;unitb=penSCM,aug-d-balance (residual),ife,0.132768866909635,0.0162591314586092,0.13327247660005526,0.01609577186102413,0.0005036096904202647,0.003793130890866388,0.022878663151296046,0.022012199187072513,True,200,200
synthetic_control,NN=200;active=0.5;unitb=penSCM,d-balance,fe,0.12771121992978,0.00608556091977426,0.13013954770837122,0.007645605180200335,0.002428327778591227,0.019014208617899077,0.009771864217220271,0.24850199763438743,True,200,200
synthetic_control,NN=200;active=0.5;unitb=penSCM,outcome,MCPanel,0.229235661250974,0.00624412471539585,0.23557243973475375,0.006376587505974207,0.006336778483779754,0.02764307459493425,0.00892468272168617,0.7100284325382186,True,200,200
synthetic_control,NN=200;active=0.5;unitb=penSCM,outcome,VAR,0.882031810840429,0.0102970041834986,0.8806535121301525,0.01130618013952573,-0.0013782987102765043,-0.0015626405911179277,0.015292416568430044,-0.0901295556597569,True,200,200
synthetic_control,NN=200;active=0.5;unitb=penSCM,outcome,fe,1.28453842426147,0.0122892996296684,1.270223332418117,0.013931172324563854,-0.014315091843353,-0.011144152306368954,0.018576987046463204,-0.7705820005983366,True,200,200
synthetic_control,NN=200;active=0.5;unitb=penSCM,outcome,gsynth,0.0972589444094576,0.00460303023234443,0.09820676253023065,0.005422886075104674,0.0009478181207730474,0.009745305447515017,0.007113057057513386,0.13325045941700767,True,200,200
synthetic_control,NN=200;active=0.5;unitb=penSCM,outcome,ife,0.131831093413976,0.0160483445213149,0.13253672046660278,0.015758625603047135,0.0007056270526267783,0.005352508534621405,0.02249185725483404,0.03137255606026586,True,200,200
synthetic_control,NN=200;active=0.5;unitb=penSCM,u-balance,fe,0.118384689457023,0.00565917061405248,0.12147091539779842,0.006724317042636485,0.003086225940775414,0.026069468568364167,0.008788779877141457,0.3511552210793572,True,200,200
synthetic_control,NN=200;active=0.5;unitb=ridge,aug-d-balance,MCPanel,0.144021925522836,0.00711740416676468,0.14235926063741694,0.009059726947563932,-0.0016626648854190518,-0.011544526150328556,0.011521115155986217,-0.1443145791798768,True,200,200
synthetic_control,NN=200;active=0.5;unitb=ridge,aug-d-balance,VAR,0.5986925370157,0.0133943611497516,0.5997255947018183,0.01559925057856242,0.0010330576861182772,0.0017255229057434975,0.020560776474217966,0.050244098875043566,True,200,200
synthetic_control,NN=200;active=0.5;unitb=ridge,aug-d-balance,fe,0.14878106336035,0.00705829931160141,0.14697852681064777,0.010089601817473226,-0.0018025365497022217,-0.012115362728228732,0.012313393277537756,-0.1463882870524757,True,200,200
synthetic_control,NN=200;active=0.5;unitb=ridge,aug-d-balance,gsynth,0.145918227085952,0.00679759817343723,0.14460461149049564,0.009735364698914239,-0.0013136155954563689,-0.009002409237624534,0.011873696423118738,-0.11063240533071801,True,200,200
synthetic_control,NN=200;active=0.5;unitb=ridge,aug-d-balance,ife,0.167827174569176,0.0138786788281072,0.16943271166461704,0.017548881308063403,0.0016055370954410342,0.00956660981490369,0.022373666690514726,0.07176012397296053,True,200,200
synthetic_control,NN=200;active=0.5;unitb=ridge,aug-d-balance (individual),MCPanel,0.140329113629235,0.00701240878703087,0.13776629722570516,0.008644164847312312,-0.002562816403529844,-0.01826289881870905,0.011130833881787008,-0.23024478046728292,True,200,200
synthetic_control,NN=200;active=0.5;unitb=ridge,aug-d-balance (individual),VAR,0.59399445029894,0.0128604917826071,0.5948036749384922,0.01470863676800375,0.0008092246395521308,0.0013623437713010142,0.01953807166696797,0.04141783556461439,True,200,200
synthetic_control,NN=200;active=0.5;unitb=ridge,aug-d-balance (individual),fe,0.141769449829449,0.00676739000823868,0.13814843300471605,0.009363449601628937,-0.0036210168247329533,-0.025541587620528234,0.011552997704745457,-0.3134266029712445,True,200,200
synthetic_control,NN=200;active=0.5;unitb=ridge,aug-d-balance (individual),gsynth,0.140890739583145,0.00663835828827735,0.13740914562618514,0.00917030238337684,-0.0034815939569598497,-0.024711304428246178,0.011320876581171068,-0.30753748899183764,True,200,200
synthetic_control,NN=200;active=0.5;unitb=ridge,aug-d-balance (individual),ife,0.164334382369917,0.014079261015531,0.16341878655950787,0.017501541246497707,-0.00091559581040912,-0.0055715413731748,0.02246173494515309,-0.040762470603665106,True,200,200
synthetic_control,NN=200;active=0.5;unitb=ridge,aug-d-balance (residual individual),MCPanel,0.209760427171472,0.00637771122113357,0.21637919596656494,0.00657151801025838,0.006618768795092933,0.03155394410825792,0.009157513274864706,0.7227692274560987,True,200,200
synthetic_control,NN=200;active=0.5;unitb=ridge,aug-d-balance (residual individual),VAR,0.636461225257722,0.010040736515909,0.6382644533955261,0.011303266581450318,0.0018032281378040915,0.0028332097325707646,0.015118869838491233,0.11927003519887715,True,200,200
synthetic_control,NN=200;active=0.5;unitb=ridge,aug-d-balance (residual individual),fe,0.141743155315307,0.00676600031292093,0.13809437667892024,0.009351043788270112,-0.003648778636386768,-0.025742185774474093,0.011542130659656872,-0.31612695645010486,True,200,200
synthetic_control,NN=200;active=0.5;unitb=ridge,aug-d-balance (residual individual),gsynth,0.0986394395913206,0.00478377173029277,0.09919155896361709,0.005746074719685571,0.000552119372296489,0.005597349037910294,0.007476753750910745,0.07384479824940539,True,200,200
synthetic_control,NN=200;active=0.5;unitb=ridge,aug-d-balance (residual individual),ife,0.133282810779822,0.0163769376352221,0.1339030318438396,0.016127707034690703,0.0006202210640176009,0.004653421250563075,0.022984930291492425,0.02698381313982787,True,200,200
synthetic_control,NN=200;active=0.5;unitb=ridge,aug-d-balance (residual),MCPanel,0.202758161283638,0.00642306294563307,0.2084795294640299,0.006671366399192609,0.0057213681803919,0.028217696117239344,0.009260824328095245,0.6178033377692486,True,200,200
synthetic_control,NN=200;active=0.5;unitb=ridge,aug-d-balance (residual),VAR,0.633404821212727,0.0101046100420409,0.6360253851637984,0.011001436641855614,0.002620563951071353,0.004137265557994932,0.014937695681947638,0.17543294540658852,True,200,200
synthetic_control,NN=200;active=0.5;unitb=ridge,aug-d-balance (residual),fe,0.148594786766781,0.00704788474923493,0.1467719081819122,0.010051134291152213,-0.00182287858486882,-0.012267446419434764,0.012275910555933283,-0.14849233191812178,True,200,200
synthetic_control,NN=200;active=0.5;unitb=ridge,aug-d-balance (residual),gsynth,0.100801474500473,0.00487013346621062,0.09848159477547135,0.005891126149886388,-0.002319879725001653,-0.023014343158152584,0.0076435310748750075,-0.30350890213913195,True,200,200
synthetic_control,NN=200;active=0.5;unitb=ridge,aug-d-balance (residual),ife,0.133873439520284,0.0163595387817454,0.13316176666450427,0.016445981322437755,-0.0007116728557797214,-0.005316012334708794,0.02319708625688587,-0.03067940722807232,True,200,200
synthetic_control,NN=200;active=0.5;unitb=ridge,d-balance,fe,0.148781063360446,0.00705829931157967,0.14697852681064782,0.010089601817473232,-0.0018025365497981727,-0.012115362728865828,0.012313393277525297,-0.14638828706041623,True,200,200
synthetic_control,NN=200;active=0.5;unitb=ridge,outcome,MCPanel,0.229235661250974,0.00624412471539585,0.23557243973475375,0.006376587505974207,0.006336778483779754,0.02764307459493425,0.00892468272168617,0.7100284325382186,True,200,200
synthetic_control,NN=200;active=0.5;unitb=ridge,outcome,VAR,0.882031810840429,0.0102970041834986,0.8806535121301525,0.01130618013952573,-0.0013782987102765043,-0.0015626405911179277,0.015292416568430044,-0.0901295556597569,True,200,200
synthetic_control,NN=200;active=0.5;unitb=ridge,outcome,fe,1.28453842426147,0.0122892996296684,1.270223332418117,0.013931172324563854,-0.014315091843353,-0.011144152306368954,0.018576987046463204,-0.7705820005983366,True,200,200
synthetic_control,NN=200;active=0.5;unitb=ridge,outcome,gsynth,0.0972589444094576,0.00460303023234443,0.09820676253023065,0.005422886075104674,0.0009478181207730474,0.009745305447515017,0.007113057057513386,0.13325045941700767,True,200,200
synthetic_control,NN=200;active=0.5;unitb=ridge,outcome,ife,0.131831093413976,0.0160483445213149,0.13253672046660278,0.015758625603047135,0.0007056270526267783,0.005352508534621405,0.02249185725483404,0.03137255606026586,True,200,200
synthetic_control,NN=200;active=0.5;unitb=ridge,u-balance,fe,0.139935996778355,0.00569745064572844,0.1455820745057372,0.006025052029681599,0.005646077727382209,0.04034757215704153,0.008292297378946427,0.6808822054208057,True,200,200
time_series,NN=200;a=0.2;I=0,aug-d-balance,MCPanel,0.0890443182666284,0.00456187080475002,0.08930100862593907,0.004911392479327685,0.0002566903593106684,0.0028827258640136007,0.0067031665148068,0.03829389568999343,True,200,200
time_series,NN=200;a=0.2;I=0,aug-d-balance,VAR,0.100966998355048,0.00512171746627142,0.09696499071815932,0.005317703341751577,-0.004002007636888669,-0.03963678926866486,0.007383085983190608,-0.5420507963743363,True,200,200
time_series,NN=200;a=0.2;I=0,aug-d-balance,arima,0.0911947628835972,0.0051495366217483,0.08809927154664078,0.004624048903443653,-0.003095491336956413,-0.033943740178452565,0.006920950489648466,-0.4472639042262014,True,200,200
time_series,NN=200;a=0.2;I=0,aug-d-balance,fe,0.0890133254609452,0.00457393146999695,0.0878731599109596,0.004830261635820114,-0.0011401655499855973,-0.012808931068257274,0.0066522384625555975,-0.17139577247619872,True,200,200
time_series,NN=200;a=0.2;I=0,aug-d-balance,gsynth,0.0915678560619047,0.00498869705436513,0.08983319682274467,0.004810031173198967,-0.0017346592391600385,-0.01894397568932178,0.006929898858380052,-0.25031523181069,True,200,200
time_series,NN=200;a=0.2;I=0,aug-d-balance,ife,0.102660033729677,0.00597579772749973,0.10164494290356826,0.005738466202557351,-0.0010150908261087332,-0.009887887128321587,0.00828493529473127,-0.12252248086406553,True,200,200
time_series,NN=200;a=0.2;I=0,aug-d-balance (individual),MCPanel,0.0866829816369672,0.00449891752717056,0.08615851112183147,0.004891391465168494,-0.0005244705151357248,-0.006050443872964989,0.006645748218357783,-0.07891820422672072,True,200,200
time_series,NN=200;a=0.2;I=0,aug-d-balance (individual),VAR,0.097676766722813,0.00510274727581105,0.09235661801222211,0.0051126393014678684,-0.0053201487105908885,-0.05446687978205093,0.0072233725078879145,-0.7365186697462013,True,200,200
time_series,NN=200;a=0.2;I=0,aug-d-balance (individual),arima,0.087515983595008,0.00499813383740784,0.08456301841172457,0.004605404963579809,-0.002952965183283432,-0.03374200988185971,0.006796403220469395,-0.43448940380548595,True,200,200
time_series,NN=200;a=0.2;I=0,aug-d-balance (individual),fe,0.0864127887141427,0.0045900786884976,0.08458813264690469,0.004794788713390053,-0.0018246560672380008,-0.0211155790061821,0.00663768191258458,-0.27489356845777446,True,200,200
time_series,NN=200;a=0.2;I=0,aug-d-balance (individual),gsynth,0.0890052884583684,0.00499628605020095,0.08646507059732601,0.004736909463920951,-0.0025402178610423876,-0.028540077843021167,0.0068848518912767095,-0.36895751733757864,True,200,200
time_series,NN=200;a=0.2;I=0,aug-d-balance (individual),ife,0.09967252459045,0.00576934174626741,0.09840603482468006,0.005777827683880482,-0.001266489765769943,-0.012706508347951388,0.008165084012417728,-0.15511043901616,True,200,200
time_series,NN=200;a=0.2;I=0,aug-d-balance (residual individual),MCPanel,0.0849967095217873,0.00445152206565961,0.08514127717225076,0.004988745595307819,0.0001445676504634591,0.0017008617307285516,0.006686077423703495,0.021622192101894838,True,200,200
time_series,NN=200;a=0.2;I=0,aug-d-balance (residual individual),VAR,0.0972325954200327,0.00501886816380359,0.09153540431984723,0.0050969330145270025,-0.005697191100185461,-0.05859342821791711,0.0071531646003860794,-0.7964574308660485,True,200,200
time_series,NN=200;a=0.2;I=0,aug-d-balance (residual individual),arima,0.0883176265185387,0.0051105980284379,0.0852494890500877,0.004717235876808945,-0.0030681374684509988,-0.034739808907873766,0.00695489227276216,-0.4411480937622744,True,200,200
time_series,NN=200;a=0.2;I=0,aug-d-balance (residual individual),fe,0.086419639532791,0.00459024635672635,0.08458967827416881,0.004794950299975649,-0.0018299612586221842,-0.021175293816492084,0.006637914581755033,-0.27568315863117826,True,200,200
time_series,NN=200;a=0.2;I=0,aug-d-balance (residual individual),gsynth,0.0907235858774978,0.00525621589277957,0.08742760526431784,0.004668202498465207,-0.003295980613179969,-0.036329919957423906,0.00702993030393512,-0.4688496856554878,True,200,200
time_series,NN=200;a=0.2;I=0,aug-d-balance (residual individual),ife,0.105665871162728,0.0063776737069611,0.10230345535595677,0.005912009620353258,-0.0033624158067712406,-0.03182120934386694,0.008696354389260618,-0.3866465942238492,True,200,200
time_series,NN=200;a=0.2;I=0,aug-d-balance (residual),MCPanel,0.0850108454960631,0.00448124609097378,0.0853731953711355,0.0049925665747496475,0.00036234987507240135,0.004262395850293972,0.006708747091012987,0.05401155687591859,True,200,200
time_series,NN=200;a=0.2;I=0,aug-d-balance (residual),VAR,0.0997181901281948,0.00496246513230607,0.09464602175293688,0.005210540188464626,-0.005072168375257924,-0.05086502641832239,0.007195539538141562,-0.7049045243058932,True,200,200
time_series,NN=200;a=0.2;I=0,aug-d-balance (residual),arima,0.0915910764959039,0.00515371348642991,0.08825569518748212,0.004687559304252715,-0.0033353813084217726,-0.03641600727960585,0.006966632969454881,-0.4787651829866324,True,200,200
time_series,NN=200;a=0.2;I=0,aug-d-balance (residual),fe,0.0890136913942136,0.00457394495290859,0.08787426839420842,0.004830331285684137,-0.001139423000005177,-0.012800536436120051,0.006652298306728054,-0.17128260752419633,True,200,200
time_series,NN=200;a=0.2;I=0,aug-d-balance (residual),gsynth,0.0931289873673472,0.00544366439293186,0.08906938663981163,0.005001612080682911,-0.00405960072753557,-0.043591161487910084,0.007392537144208842,-0.5491485058977047,True,200,200
time_series,NN=200;a=0.2;I=0,aug-d-balance (residual),ife,0.106916014886412,0.00666773090698298,0.10326976632849459,0.006085810088413807,-0.0036462485579174114,-0.03410385770355545,0.009027497985609045,-0.4039046659140756,True,200,200
time_series,NN=200;a=0.2;I=0,d-balance,fe,0.0890133254609146,0.00457393146999377,0.08787315991095962,0.004830261635820116,-0.0011401655499549829,-0.012808931067917747,0.006652238462553413,-0.1713957724716529,True,200,200
time_series,NN=200;a=0.2;I=0,outcome,MCPanel,0.084428634591139,0.00436730945401343,0.08450596730450277,0.0048691319189161164,7.733271336377023e-05,0.0009159536185592476,0.00654078263749246,0.011823159039178419,True,200,200
time_series,NN=200;a=0.2;I=0,outcome,VAR,0.085604701765305,0.00440768361700803,0.08459703736019418,0.004462490526137169,-0.0010076644051108252,-0.011771133878527507,0.00627228001316148,-0.16065360650296,True,200,200
time_series,NN=200;a=0.2;I=0,outcome,arima,0.0947520700322851,0.00449287065969769,0.07627144683267634,0.003883540293633647,-0.01848062319960876,-0.1950418940009629,0.0059386675253838275,-3.1119140986789495,False,200,200
time_series,NN=200;a=0.2;I=0,outcome,fe,0.0844712215930112,0.00443550667293349,0.08464478659395071,0.004736638868162639,0.00017356500093951288,0.00205472346281154,0.006489180781348795,0.026746827802728728,True,200,200
time_series,NN=200;a=0.2;I=0,outcome,gsynth,0.0900498188616458,0.0054277225238558,0.08741217400316179,0.004791911375701182,-0.0026376448584840145,-0.02929095129593254,0.007240344358422877,-0.36429826095433915,True,200,200
time_series,NN=200;a=0.2;I=0,outcome,ife,0.105845067033789,0.00642125798338094,0.10136841944963922,0.006034826955816844,-0.004476647584149784,-0.04229434313382503,0.008812019659294176,-0.5080160686464418,True,200,200
time_series,NN=200;a=0.2;I=0,u-balance,fe,0.0842496536187678,0.00443196414422247,0.08428499580658914,0.004758417823017895,3.534218782134946e-05,0.00041949356826170365,0.00650267993630995,0.0054350188180113555,True,200,200
time_series,NN=200;a=0.2;I=1,aug-d-balance,MCPanel,4.0724020135038,0.0418304770192874,4.164739404526585,0.043335591039646404,0.09233739102278449,0.022673938063236428,0.060230907833243,1.5330566040683364,True,200,200
time_series,NN=200;a=0.2;I=1,aug-d-balance,VAR,1.74046839138113,0.0334169416766807,1.7541739102044094,0.03483517168689732,0.013705518823279306,0.00787461518471096,0.04827195021415949,0.2839230394147013,True,200,200
time_series,NN=200;a=0.2;I=1,aug-d-balance,arima,0.668683198746987,0.0269458842480837,0.6728017634220138,0.033516551798641804,0.0041185646750268035,0.0061592166256672545,0.043005115072304645,0.09576918159856675,True,200,200
time_series,NN=200;a=0.2;I=1,aug-d-balance,fe,1.8837514815548,0.0377801822517769,1.9685269545992357,0.03982607206725471,0.08477547304443567,0.04500353357358168,0.05489497415322868,1.5443212124993695,True,200,200
time_series,NN=200;a=0.2;I=1,aug-d-balance,gsynth,1.68796884527755,0.0407102593071281,1.7543588810755661,0.04140842072622208,0.06639003579801606,0.03933131584967117,0.058068774051924225,1.1433001106352114,True,200,200
time_series,NN=200;a=0.2;I=1,aug-d-balance,ife,1.70023770417269,0.0420937752018935,1.7625002942399401,0.04232673797316825,0.06226259006725021,0.036619932562633205,0.05969454462676457,1.0430197676612183,True,200,200
time_series,NN=200;a=0.2;I=1,aug-d-balance (individual),MCPanel,4.09498772786845,0.0420447272127728,4.190122691005412,0.043466819067816735,0.09513496313696201,0.023232050853173692,0.060474155192700246,1.5731507589285947,True,200,200
time_series,NN=200;a=0.2;I=1,aug-d-balance (individual),VAR,1.75615574551318,0.0342336993628528,1.776857440745667,0.036746555413886044,0.020701695232486994,0.011788074768071092,0.050222061953408344,0.41220321164217083,True,200,200
time_series,NN=200;a=0.2;I=1,aug-d-balance (individual),arima,0.678105601842977,0.0272175446337433,0.6895364961269274,0.03539901268229755,0.011430894283950388,0.016857100506002518,0.044652937582775803,0.2559942279891499,True,200,200
time_series,NN=200;a=0.2;I=1,aug-d-balance (individual),fe,1.92715970980794,0.0430096280550576,2.051391782306391,0.046066069193247745,0.12423207249845092,0.06446381784871988,0.06302309764167012,1.9712149536793024,True,200,200
time_series,NN=200;a=0.2;I=1,aug-d-balance (individual),gsynth,1.70132447406188,0.0434608682466069,1.7961494856808484,0.045565888895224047,0.09482501161896839,0.05573599455286472,0.06296901856914101,1.5058994688768887,True,200,200
time_series,NN=200;a=0.2;I=1,aug-d-balance (individual),ife,1.71672156065284,0.0449099170269957,1.8073019919926194,0.04643053479079841,0.09058043133977933,0.05276361258335518,0.0645964024410894,1.402251950832507,True,200,200
time_series,NN=200;a=0.2;I=1,aug-d-balance (residual individual),MCPanel,4.75867851312297,0.0459819124922659,4.879309584445318,0.04800856343790839,0.1206310713223484,0.025349699709632634,0.06647675112261484,1.81463548210783,True,200,200
time_series,NN=200;a=0.2;I=1,aug-d-balance (residual individual),VAR,1.84739197722584,0.0284583183711821,1.9531584131647917,0.031568310438339374,0.10576643593895163,0.0572517566617222,0.04250216592653752,2.4884952009684085,True,200,200
time_series,NN=200;a=0.2;I=1,aug-d-balance (residual individual),arima,0.528351390264679,0.024125039748082,0.6506412190238079,0.028999586337904136,0.12228982875912886,0.23145548779169,0.037722586743436516,3.2418198038978994,False,200,200
time_series,NN=200;a=0.2;I=1,aug-d-balance (residual individual),fe,1.92720554410041,0.0430196195635329,2.0514603749396345,0.04607898773731548,0.12425483083922462,0.06447409370505151,0.06303935896157871,1.971067486821298,True,200,200
time_series,NN=200;a=0.2;I=1,aug-d-balance (residual individual),gsynth,1.850837598379,0.0584687301935423,1.8903659096505374,0.05500892931730545,0.03952831127153744,0.02135698524071324,0.080278108566916,0.49239215991976854,True,200,200
time_series,NN=200;a=0.2;I=1,aug-d-balance (residual individual),ife,1.90355230847924,0.0616833214384025,1.936778480895209,0.05775265405198232,0.033226172415969035,0.017454824996384594,0.0844997112049576,0.39321048489003185,True,200,200
time_series,NN=200;a=0.2;I=1,aug-d-balance (residual),MCPanel,4.74199260782482,0.0457109729009326,4.863026388931908,0.047804064725912775,0.12103378110708807,0.025523823235693948,0.06614167859881584,1.8299169853432626,True,200,200
time_series,NN=200;a=0.2;I=1,aug-d-balance (residual),VAR,1.831429311909,0.0283250175980478,1.9362090362449038,0.03166285849776249,0.10477972433590388,0.05721199483625507,0.04248344654308367,2.4663659110059206,True,200,200
time_series,NN=200;a=0.2;I=1,aug-d-balance (residual),arima,0.533457796929883,0.0241379815948956,0.6536420052492743,0.028926948965631163,0.12018420831939125,0.22529281418523928,0.03767506512185146,3.190019922478771,False,200,200
time_series,NN=200;a=0.2;I=1,aug-d-balance (residual),fe,1.88375213139404,0.0377888631354274,1.9684956069711834,0.03983692560308741,0.08474347557714346,0.04498653202023476,0.054908822775342626,1.5433489791589265,True,200,200
time_series,NN=200;a=0.2;I=1,aug-d-balance (residual),gsynth,1.9002345313269,0.0605727062237492,1.9389598822252128,0.05667017542132766,0.03872535089831275,0.020379248066432896,0.08294915021597675,0.4668565114589191,True,200,200
time_series,NN=200;a=0.2;I=1,aug-d-balance (residual),ife,1.94267937170274,0.0629482119350453,1.974729182804996,0.05862786261004264,0.03204981110225602,0.016497735843133327,0.08602153021215918,0.37257894649409257,True,200,200
time_series,NN=200;a=0.2;I=1,d-balance,fe,1.88375148154662,0.0377801822506302,1.9685269545992359,0.03982607206725472,0.08477547305261579,0.045003533578119564,0.05489497415243949,1.5443212126705854,True,200,200
time_series,NN=200;a=0.2;I=1,outcome,MCPanel,4.78963656598853,0.0461660603284717,4.911036307581407,0.048229381152085485,0.12139974159287714,0.025346336808713905,0.06676360035652082,1.8183522300264923,True,200,200
time_series,NN=200;a=0.2;I=1,outcome,VAR,1.93434103382865,0.0288660612693707,2.0314490394077045,0.031927329805608015,0.09710800557905452,0.0502021121822806,0.04304188520177908,2.2561280744050842,True,200,200
time_series,NN=200;a=0.2;I=1,outcome,arima,0.5731116202105,0.0248904731514887,0.6273190004696142,0.0280887643029588,0.0542073802591142,0.0945843328725462,0.03753017897335626,1.4443677526184344,True,200,200
time_series,NN=200;a=0.2;I=1,outcome,fe,7.921205762306,0.0594632208821504,8.055381597142631,0.06447234204802603,0.13417583483663087,0.01693881447634179,0.08770722619509223,1.5298150523900487,True,200,200
time_series,NN=200;a=0.2;I=1,outcome,gsynth,1.95318515551936,0.0625586569418067,1.9923138781285723,0.05857687620234398,0.039128722609212296,0.020033288958110993,0.08570201855258365,0.4565671062368774,True,200,200
time_series,NN=200;a=0.2;I=1,outcome,ife,1.97849059103121,0.0639778914598869,2.014020010987321,0.05980898912810118,0.03552941995611114,0.01795784125391915,0.08758016771038062,0.40567882986481135,True,200,200
time_series,NN=200;a=0.2;I=1,u-balance,fe,2.90341381391564,0.0475337649650477,3.038492189254152,0.05034930697456055,0.1350783753385123,0.04652398314394638,0.06924241131395503,1.9508040343373885,True,200,200
time_series,NN=200;a=0.9;I=0,aug-d-balance,MCPanel,0.295342248553653,0.0134389574292399,0.29443963547876295,0.015911355089668157,-0.0009026130748900352,-0.0030561596903602604,0.020827308937412702,-0.04333795967604077,True,200,200
time_series,NN=200;a=0.9;I=0,aug-d-balance,VAR,0.380981269668979,0.0184340485152025,0.3814668826010812,0.019031907214035717,0.00048561293210219736,0.0012746372873504491,0.026495804136966748,0.0183279182466734,True,200,200
time_series,NN=200;a=0.9;I=0,aug-d-balance,arima,0.29826605797828,0.0161951590109079,0.2965147746706453,0.01627271348609317,-0.0017512833076346879,-0.005871547434881839,0.022958318309254926,-0.07628099253806028,True,200,200
time_series,NN=200;a=0.9;I=0,aug-d-balance,fe,0.289263746118562,0.0132824241354271,0.2773137431547791,0.01566257763163373,-0.011950002963782902,-0.04131178941064012,0.02053628810131786,-0.5818969282484912,True,200,200
time_series,NN=200;a=0.9;I=0,aug-d-balance,gsynth,0.312066038791401,0.0150504363993492,0.2914026424603288,0.016864756933042423,-0.02066339633107217,-0.06621481918089946,0.02260388599824061,-0.9141523865710756,True,200,200
time_series,NN=200;a=0.9;I=0,aug-d-balance,ife,0.32061449865897,0.0152852706044547,0.29522120506065086,0.017228004353388813,-0.025393293598319155,-0.07920195033141467,0.02303136191048612,-1.1025528449864552,True,200,200
time_series,NN=200;a=0.9;I=0,aug-d-balance (individual),MCPanel,0.296387925067388,0.0134677106579158,0.2943872164614211,0.016270548104484046,-0.0020007086059669055,-0.006750304033175495,0.021121315441649656,-0.09472462127153584,True,200,200
time_series,NN=200;a=0.9;I=0,aug-d-balance (individual),VAR,0.370222356551521,0.0175765098241223,0.3707566533304449,0.018647114420816326,0.0005342967789238595,0.0014431780508898184,0.025625155098466895,0.02085047980668907,True,200,200
time_series,NN=200;a=0.9;I=0,aug-d-balance (individual),arima,0.298612474713545,0.016674762646526,0.2938436536197145,0.01643809733726101,-0.004768821093830533,-0.01596993259710667,0.023414925867643616,-0.2036658634234851,True,200,200
time_series,NN=200;a=0.9;I=0,aug-d-balance (individual),fe,0.306438565092312,0.0147168856715767,0.28755289183751526,0.016595027177267532,-0.01888567325479673,-0.06162955778463322,0.022180659387955704,-0.8514477827044141,True,200,200
time_series,NN=200;a=0.9;I=0,aug-d-balance (individual),gsynth,0.324112404839027,0.0160477484300548,0.29788837282453856,0.017348291256050332,-0.02622403201448842,-0.08091030032470616,0.02363246578711326,-1.1096612706740208,True,200,200
time_series,NN=200;a=0.9;I=0,aug-d-balance (individual),ife,0.332488890066024,0.0162113779088217,0.30203035873151096,0.017675872983943033,-0.03045853133451304,-0.091607666435004,0.02398427108434024,-1.269937753263636,True,200,200
time_series,NN=200;a=0.9;I=0,aug-d-balance (residual individual),MCPanel,0.309775806708813,0.0144910624762776,0.31864109283670655,0.016585370661364396,0.008865286127893557,0.02861839412858623,0.022024200590855223,0.4025247632177195,True,200,200
time_series,NN=200;a=0.9;I=0,aug-d-balance (residual individual),VAR,0.293754492513355,0.0137583732259417,0.29115477285056923,0.015278155691835937,-0.002599719662785771,-0.008849974141817013,0.020560031010878565,-0.12644531817146712,True,200,200
time_series,NN=200;a=0.9;I=0,aug-d-balance (residual individual),arima,0.292626118691277,0.0161501391654085,0.2935008478603665,0.015637236118683808,0.0008747291690894832,0.002989238188995459,0.02247999440599421,0.038911449588983876,True,200,200
time_series,NN=200;a=0.9;I=0,aug-d-balance (residual individual),fe,0.306485975439698,0.0147200445045909,0.2875936901808494,0.016598525233205264,-0.018892285258848618,-0.06164159789610252,0.02218537243623574,-0.8515649360022252,True,200,200
time_series,NN=200;a=0.9;I=0,aug-d-balance (residual individual),gsynth,0.380553434547463,0.0183259324372979,0.3676564924029774,0.020800731606116746,-0.012896942144485612,-0.0338899638622946,0.027722017153268472,-0.4652237993065754,True,200,200
time_series,NN=200;a=0.9;I=0,aug-d-balance (residual individual),ife,0.397791466509042,0.0189944956318372,0.38278061074143255,0.021463618195072066,-0.015010855767609466,-0.03773548965075212,0.028661433500990686,-0.5237301116530202,True,200,200
time_series,NN=200;a=0.9;I=0,aug-d-balance (residual),MCPanel,0.309240631016715,0.0144830671757669,0.3181347330870859,0.016591635330019644,0.00889410207037089,0.02876110439022532,0.022023659953380424,0.40384305284398153,True,200,200
time_series,NN=200;a=0.9;I=0,aug-d-balance (residual),VAR,0.295900071851544,0.0139367286956844,0.28835435620111177,0.01506278087461484,-0.0075457156504322165,-0.025500891578755604,0.020521203044991675,-0.36770337654613255,True,200,200
time_series,NN=200;a=0.9;I=0,aug-d-balance (residual),arima,0.292018043583695,0.0159496822934196,0.2924308338806068,0.015785770782111488,0.00041279029691182467,0.0014135780510203826,0.02244065338724315,0.018394753922204594,True,200,200
time_series,NN=200;a=0.9;I=0,aug-d-balance (residual),fe,0.289267420699646,0.0132829985215937,0.2773210979428399,0.015662496570943832,-0.011946322756806127,-0.04129854211688191,0.02053659778443079,-0.5817089511225114,True,200,200
time_series,NN=200;a=0.9;I=0,aug-d-balance (residual),gsynth,0.386099757002045,0.0183669429446828,0.37458738540910025,0.021196542941057814,-0.01151237159294477,-0.0298170910086426,0.02804706804258408,-0.41046613412373256,True,200,200
time_series,NN=200;a=0.9;I=0,aug-d-balance (residual),ife,0.403142473140866,0.0190862750038455,0.3896804231960238,0.021891524595916804,-0.01346204994484218,-0.033392785036912426,0.029043497424656832,-0.463513389865141,True,200,200
time_series,NN=200;a=0.9;I=0,d-balance,fe,0.289263746121533,0.0132824241352909,0.2773137431547791,0.01566257763163373,-0.011950002966753914,-0.04131178942048676,0.02053628810122977,-0.5818969283956585,True,200,200
time_series,NN=200;a=0.9;I=0,outcome,MCPanel,0.310529972949161,0.014559397694299,0.3193960768439371,0.0165838558971394,0.0088661038947761,0.028551523740439802,0.022068084140628164,0.40176137802797635,True,200,200
time_series,NN=200;a=0.9;I=0,outcome,VAR,0.284340153798619,0.0131776852452444,0.291142515013412,0.014530256524502818,0.006802361214792996,0.023923322555458343,0.019615803401609344,0.3467796386170402,True,200,200
time_series,NN=200;a=0.9;I=0,outcome,arima,0.292145429841985,0.0162226874169331,0.29070673989568047,0.01448976425472354,-0.0014386899463045277,-0.00492456769589955,0.021751525353063943,-0.06614202557991512,True,200,200
time_series,NN=200;a=0.9;I=0,outcome,fe,0.355635616826664,0.0171959503504381,0.3750514656048859,0.017945976316324292,0.01941584877822189,0.05459478145487641,0.024854753557434533,0.7811724519157116,True,200,200
time_series,NN=200;a=0.9;I=0,outcome,gsynth,0.397073366518924,0.0185083444930926,0.3859824469179935,0.021264428603226738,-0.011090919600930504,-0.02793166335522009,0.028191040060570993,-0.3934200220034686,True,200,200
time_series,NN=200;a=0.9;I=0,outcome,ife,0.411478875713277,0.019067214025045,0.3986267211039858,0.021871701701103623,-0.012852154609291233,-0.03123405688083671,0.029016029810760326,-0.4429329130522581,True,200,200
time_series,NN=200;a=0.9;I=0,u-balance,fe,0.298972356480754,0.0139107232257206,0.307593554411136,0.01693890705588695,0.008621197930382019,0.028836103885534307,0.02191882279937906,0.39332394852091457,True,200,200
time_series,NN=200;a=0.9;I=1,aug-d-balance,MCPanel,30.2519057726399,0.314080966228363,30.95742642809296,0.31074416921553294,0.7055206554530571,0.023321527600787928,0.4418243905087109,1.5968350109434422,True,200,200
time_series,NN=200;a=0.9;I=1,aug-d-balance,VAR,5.50217734036548,0.104574566314138,5.6095353942378585,0.10016564908899099,0.10735805387237818,0.01951192177772426,0.14480675805088977,0.7413884221801933,True,200,200
time_series,NN=200;a=0.9;I=1,aug-d-balance,arima,1.55927084554337,0.0833110456476739,1.5720227149226822,0.07911956091205366,0.012751869379312275,0.008178097740850496,0.11489401745010475,0.1109881059285794,True,200,200
time_series,NN=200;a=0.9;I=1,aug-d-balance,fe,8.14843063968694,0.184434899625601,8.938306931945156,0.1930089558215223,0.7898762922582172,0.09693600242617566,0.2669619621354695,2.9587596897321102,True,200,200
time_series,NN=200;a=0.9;I=1,aug-d-balance,gsynth,8.26299211743645,0.176910487453791,8.852961028993295,0.175514829560687,0.5899689115568449,0.07139894401108053,0.24920428561093197,2.3674107775093756,True,200,200
time_series,NN=200;a=0.9;I=1,aug-d-balance,ife,8.40631439832694,0.178638131812514,8.991588861291671,0.17745504587228256,0.5852744629647315,0.06962319456921756,0.25179729038057386,2.3243874550045014,True,200,200
time_series,NN=200;a=0.9;I=1,aug-d-balance (individual),MCPanel,30.3029871183187,0.31443543496119,31.008344035707406,0.3104935531976109,0.7053569173887055,0.02327681144550613,0.441900316062922,1.5961901174297193,True,200,200
time_series,NN=200;a=0.9;I=1,aug-d-balance (individual),VAR,5.51310188635424,0.107033342646175,5.630746096293671,0.10217671602454773,0.11764420993943148,0.02133902336008313,0.1479737062304468,0.795034556721978,True,200,200
time_series,NN=200;a=0.9;I=1,aug-d-balance (individual),arima,1.57878705686877,0.085171983511616,1.5898001230351237,0.07962778879164965,0.011013066166353669,0.0069756501476494455,0.11659696189502776,0.09445414346446464,True,200,200
time_series,NN=200;a=0.9;I=1,aug-d-balance (individual),fe,8.92241332724122,0.226799982302945,9.77908815244419,0.23391868086413992,0.8566748252029708,0.09601380184747077,0.3258161770536195,2.629319492205533,True,200,200
time_series,NN=200;a=0.9;I=1,aug-d-balance (individual),gsynth,8.38439556824958,0.194605825001039,8.884165048020435,0.18978612991261887,0.49976947977085473,0.05960709698185103,0.27182752294707846,1.838553632658286,True,200,200
time_series,NN=200;a=0.9;I=1,aug-d-balance (individual),ife,8.60189853847785,0.198109604929699,9.072759241248495,0.19309843862801104,0.4708607027706453,0.05473916027542061,0.27664855424523216,1.7020175798687018,True,200,200
time_series,NN=200;a=0.9;I=1,aug-d-balance (residual individual),MCPanel,31.6080774228128,0.319463326933849,32.32608252683198,0.31632059413481595,0.7180051040191806,0.022715873996846384,0.4495726143010117,1.597083721693154,True,200,200
time_series,NN=200;a=0.9;I=1,aug-d-balance (residual individual),VAR,5.75666432042006,0.103996528204502,5.948215161588132,0.09933019759832738,0.19155084116807153,0.03327462407154812,0.14381156432468337,1.3319571487005537,True,200,200
time_series,NN=200;a=0.9;I=1,aug-d-balance (residual individual),arima,1.586774968528,0.0913190600832923,1.576504423483718,0.07330070678045555,-0.010270545044281931,-0.006472590788225999,0.11709895110123861,-0.08770825825247973,True,200,200
time_series,NN=200;a=0.9;I=1,aug-d-balance (residual individual),fe,8.92205627964653,0.226821931402687,9.778548706802342,0.23393673145505786,0.8564924271558123,0.09599720068003702,0.3258444151571745,2.6285318615716466,True,200,200
time_series,NN=200;a=0.9;I=1,aug-d-balance (residual individual),gsynth,10.8060494916054,0.236770857989902,11.166497824963157,0.24990191032765827,0.3604483333577573,0.03335616162389122,0.3442548532391189,1.0470392209907071,True,200,200
time_series,NN=200;a=0.9;I=1,aug-d-balance (residual individual),ife,11.4201392084345,0.251917182377878,11.82910833496415,0.2669420249048753,0.4089691265296498,0.035811220779830774,0.36704265615528137,1.114227787073966,True,200,200
time_series,NN=200;a=0.9;I=1,aug-d-balance (residual),MCPanel,31.4487639689468,0.318992937257669,32.158947472514505,0.31554762895521526,0.7101835035677055,0.022582238979851683,0.44869455106958156,1.5827771963684343,True,200,200
time_series,NN=200;a=0.9;I=1,aug-d-balance (residual),VAR,5.73898673673453,0.104285990983711,5.925754023844514,0.09927918040461026,0.18676728710998436,0.03254359971151537,0.1439858450586925,1.2971225541917193,True,200,200
time_series,NN=200;a=0.9;I=1,aug-d-balance (residual),arima,1.58996737921696,0.0915951540831951,1.5753255754453268,0.07317481965976032,-0.014641803771633155,-0.009208870548554316,0.11723577305482613,-0.12489194543704517,True,200,200
time_series,NN=200;a=0.9;I=1,aug-d-balance (residual),fe,8.14658358476689,0.184459437121435,8.936546316531425,0.19302691664803698,0.7899627317645344,0.09696859101055165,0.26699189967825776,2.9587516801689104,True,200,200
time_series,NN=200;a=0.9;I=1,aug-d-balance (residual),gsynth,11.3075054681895,0.249507029299877,11.699526875060581,0.2634539746697757,0.39202140687108056,0.034669132637072164,0.3628522487726272,1.0803885278294956,True,200,200
time_series,NN=200;a=0.9;I=1,aug-d-balance (residual),ife,11.7492844509237,0.258150301588903,12.172106654120833,0.2726634232457725,0.4228222031971338,0.03598705988975291,0.37548225069441676,1.1260777371371524,True,200,200
time_series,NN=200;a=0.9;I=1,d-balance,fe,8.14843063964592,0.184434899624341,8.938306931945156,0.1930089558215222,0.7898762922992368,0.09693600243169768,0.26696196213459894,2.9587596898954125,True,200,200
time_series,NN=200;a=0.9;I=1,outcome,MCPanel,31.7702052079174,0.320331972440823,32.48814826396391,0.31723131204866295,0.7179430560465079,0.02259799870186518,0.4508306532523541,1.5924894433578736,True,200,200
time_series,NN=200;a=0.9;I=1,outcome,VAR,5.85462572941838,0.103696327527557,6.043692769644913,0.09958363787878599,0.18906704022653287,0.032293616870589514,0.14377005695163217,1.3150654888461213,True,200,200
time_series,NN=200;a=0.9;I=1,outcome,arima,1.59153559789212,0.0923739781194128,1.574029397450143,0.07276686540005582,-0.017506200441977038,-0.010999565743400778,0.11759238297507027,-0.14887189118098215,True,200,200
time_series,NN=200;a=0.9;I=1,outcome,fe,63.0480351757966,0.438777388664393,63.703245858757995,0.46452650745778157,0.6552106829613962,0.010392245866734382,0.6389917628061165,1.0253820488765844,True,200,200
time_series,NN=200;a=0.9;I=1,outcome,gsynth,11.6845287110186,0.259499374840584,12.078887368260466,0.27275604241499657,0.3943586572418649,0.033750497516427995,0.3764781324546558,1.0474941922141061,True,200,200
time_series,NN=200;a=0.9;I=1,outcome,ife,11.9852579092914,0.263642584703451,12.412539203171946,0.2774965796009692,0.4272812938805455,0.035650571486601196,0.3827685516854191,1.116291534398859,True,200,200
time_series,NN=200;a=0.9;I=1,u-balance,fe,11.1358359639416,0.239569322985956,12.078284814721085,0.26790942330545026,0.9424488507794848,0.08463207017696577,0.35940077853533964,2.6222782672320073,True,200,200
weak_factor,NN=200;a=0,aug-d-balance,MCPanel,0.061989134581469,0.0026774219196461,0.06755982649587342,0.003404709285472454,0.005570691914404416,0.089865618418711,0.004331354690438519,1.286131548335614,True,200,200
weak_factor,NN=200;a=0,aug-d-balance,VAR,0.0935053857026432,0.00465554472686748,0.09724591525262802,0.004821900801445201,0.003740529549984814,0.04000335939878463,0.006702598305347074,0.5580715686035913,True,200,200
weak_factor,NN=200;a=0,aug-d-balance,fe,0.0660381734074871,0.00293640679655292,0.07224255296115287,0.0036068028895092762,0.006204379553665762,0.09395141072999966,0.004650968926859719,1.3339972060090473,True,200,200
weak_factor,NN=200;a=0,aug-d-balance,gsynth,0.0601254264722686,0.00269036906484082,0.06303568373681138,0.003304833380015167,0.002910257264542783,0.0484031038995635,0.004261456250475293,0.6829255290883706,True,200,200
weak_factor,NN=200;a=0,aug-d-balance,ife,0.059901249460317,0.00270971034886192,0.06251961403022462,0.003281474054404963,0.002618364569907612,0.043711351490960296,0.004255655313164159,0.6152670686951874,True,200,200
weak_factor,NN=200;a=0,aug-d-balance (individual),MCPanel,0.0602026175826621,0.00262693394237922,0.06514017670828089,0.0031097518196106354,0.004937559125618787,0.08201568841818545,0.004070790871218477,1.212923798303809,True,200,200
weak_factor,NN=200;a=0,aug-d-balance (individual),VAR,0.0895563071778166,0.0043889914620346,0.0924154720599056,0.004468525585274571,0.0028591648820890103,0.03192589078524706,0.006263462856923961,0.45648309048856883,True,200,200
weak_factor,NN=200;a=0,aug-d-balance (individual),fe,0.0626579968232655,0.00269922492466804,0.06812826461013921,0.0032640019717882504,0.005470267786873706,0.08730358556312072,0.004235507533435252,1.291525925450778,True,200,200
weak_factor,NN=200;a=0,aug-d-balance (individual),gsynth,0.0585561459226021,0.00287215991236205,0.06047080046360522,0.0029719505504292995,0.001914654541003119,0.03269775547615201,0.004133012537650545,0.46325882720199174,True,200,200
weak_factor,NN=200;a=0,aug-d-balance (individual),ife,0.0583679255959405,0.00291317562237279,0.06002750643192934,0.0029478024753437832,0.0016595808359888414,0.02843309607193348,0.004144409685399119,0.4004384126973728,True,200,200
weak_factor,NN=200;a=0,aug-d-balance (residual individual),MCPanel,0.0699972521283131,0.00324381324399634,0.07456267236080918,0.003475889638997125,0.0045654202324960785,0.0652228493788175,0.004754380416459501,0.960255560680578,True,200,200
weak_factor,NN=200;a=0,aug-d-balance (residual individual),VAR,0.0992230269887672,0.00512584211014416,0.10071969416449293,0.004864049850208164,0.0014966671757257327,0.0150838693511655,0.00706634546872973,0.21180215181225473,True,200,200
weak_factor,NN=200;a=0,aug-d-balance (residual individual),fe,0.0626501826208568,0.00269920235510558,0.06811824476511037,0.0032632910475603677,0.005468062144253577,0.08727926903812745,0.004234945314274454,1.2911765650958318,True,200,200
weak_factor,NN=200;a=0,aug-d-balance (residual individual),gsynth,0.0569946834234534,0.0029591480519374,0.055371403310157566,0.002781661841143383,-0.0016232801132958358,-0.028481255018741863,0.0040613051832825995,-0.3996941968256125,True,200,200
weak_factor,NN=200;a=0,aug-d-balance (residual individual),ife,0.0570477295112831,0.00303637963664797,0.055124022035756386,0.002783722771023113,-0.001923707475526712,-0.033721017330693846,0.004119309864985039,-0.4669975162292625,True,200,200
weak_factor,NN=200;a=0,aug-d-balance (residual),MCPanel,0.0677185833273876,0.00304182487352199,0.0737722058433996,0.0034166505050680866,0.006053622516011992,0.0893938150883276,0.004574516284259909,1.3233360949749862,True,200,200
weak_factor,NN=200;a=0,aug-d-balance (residual),VAR,0.0997505590627044,0.00508661957587923,0.10300905590685007,0.0050062313751376205,0.0032584968441456696,0.03266645194537045,0.007136949718971692,0.4565671571825451,True,200,200
weak_factor,NN=200;a=0,aug-d-balance (residual),fe,0.0659996458131436,0.00293350645781387,0.07220302011246348,0.0036045808517099448,0.006203374299319872,0.09399102408644276,0.004647414685021089,1.3348011141148517,True,200,200
weak_factor,NN=200;a=0,aug-d-balance (residual),gsynth,0.057410103361843,0.00291427493586447,0.05540868603770604,0.0028389725747446602,-0.0020014173241369587,-0.03486176137887219,0.004068508778650992,-0.491928967841769,True,200,200
weak_factor,NN=200;a=0,aug-d-balance (residual),ife,0.0573823290014445,0.00300537512912472,0.055092762582650986,0.002851239816869998,-0.0022895664187935136,-0.039900200264368454,0.004142686104457624,-0.552676780490293,True,200,200
weak_factor,NN=200;a=0,d-balance,fe,0.0660381734074998,0.00293640679655134,0.07224255296115287,0.0036068028895092745,0.006204379553653064,0.09395141072978931,0.00465096892685872,1.3339972060066034,True,200,200
weak_factor,NN=200;a=0,outcome,MCPanel,0.0740777511868301,0.003440244529473,0.07872587804520334,0.003664215118150303,0.004648126858373236,0.06274659778278477,0.005026107326216795,0.9247965784829213,True,200,200
weak_factor,NN=200;a=0,outcome,VAR,0.119766206855263,0.00607388934736149,0.11880243611221787,0.0058943466473718835,-0.0009637707430451281,-0.0080471008337923,0.008463773047723784,-0.11387010705637021,True,200,200
weak_factor,NN=200;a=0,outcome,fe,0.149545343563165,0.00738219460659612,0.14964945171569602,0.0073347865285411,0.00010410815253100725,0.0006961644545424045,0.010406531152546694,0.010004116742160505,True,200,200
weak_factor,NN=200;a=0,outcome,gsynth,0.0571448567508572,0.00293669915768382,0.05517111988019252,0.002842618183334578,-0.001973736870664676,-0.03453918660203955,0.004087135926167031,-0.48291441887905895,True,200,200
weak_factor,NN=200;a=0,outcome,ife,0.0571917221149923,0.00302437240008951,0.05493588670093204,0.002858674336034651,-0.002255835414060263,-0.039443390243164504,0.0041615919278476035,-0.5420606953231458,True,200,200
weak_factor,NN=200;a=0,u-balance,fe,0.078536959743601,0.00371576588781943,0.0833915430568681,0.003906471900743914,0.004854583313267102,0.061812722686437345,0.005391422710601005,0.9004271365555644,True,200,200
weak_factor,NN=200;a=1,aug-d-balance,MCPanel,1.39580356331456,0.0125903205399524,1.387619105975302,0.01164563304832745,-0.008184457339257989,-0.00586361688303953,0.017150420997603638,-0.4772161185082029,True,200,200
weak_factor,NN=200;a=1,aug-d-balance,VAR,1.00660441746816,0.0180816853157934,1.0417461840118343,0.015725665134404265,0.03514176654367418,0.03491119841502757,0.02396338640048181,1.4664774817872825,True,200,200
weak_factor,NN=200;a=1,aug-d-balance,fe,1.07904984162333,0.0184060639449783,1.058754395775359,0.015460507131085724,-0.02029544584797116,-0.01880862687254423,0.02403768854729969,-0.8443176975205081,True,200,200
weak_factor,NN=200;a=1,aug-d-balance,gsynth,0.234339853933961,0.0110756801223211,0.2069189014211572,0.010169677268990304,-0.027420952512803798,-0.11701361101185656,0.015036390056373134,-1.8236393449491224,True,200,200
weak_factor,NN=200;a=1,aug-d-balance,ife,0.189459979678951,0.00846242978654251,0.16368152996597046,0.00898404993524291,-0.025778449712980545,-0.13606277038909936,0.012342036749706268,-2.0886706331995044,True,200,200
weak_factor,NN=200;a=1,aug-d-balance (individual),MCPanel,1.33941427819452,0.0130440942829785,1.3227471628530527,0.012209233827035046,-0.016667115341467253,-0.012443584940675635,0.017866554964694487,-0.9328667655517582,True,200,200
weak_factor,NN=200;a=1,aug-d-balance (individual),VAR,0.93521189772434,0.0178717486218301,0.9775221698309908,0.015664976735443318,0.04231027210665084,0.0452413749328947,0.0237653296826252,1.780336005083229,True,200,200
weak_factor,NN=200;a=1,aug-d-balance (individual),fe,1.05083732397571,0.0188925611964301,1.0194176589494637,0.01620270686793031,-0.03141966502624638,-0.029899646985676195,0.024888884635694955,-1.2623974712464678,True,200,200
weak_factor,NN=200;a=1,aug-d-balance (individual),gsynth,0.237238088935242,0.011019692062706,0.20986863333639857,0.009940961172080404,-0.027369455598843434,-0.11536703790559691,0.014841035077839949,-1.8441743082805884,True,200,200
weak_factor,NN=200;a=1,aug-d-balance (individual),ife,0.206111431047623,0.00965792983273169,0.1789656651411117,0.00896241123114682,-0.0271457659065113,-0.1317043201754256,0.01317575135353409,-2.0602821940192486,True,200,200
weak_factor,NN=200;a=1,aug-d-balance (residual individual),MCPanel,1.75663089728121,0.0115783418493306,1.7551959749596961,0.011240223575822028,-0.0014349223215137652,-0.0008168604592658807,0.016136933600112063,-0.08892162272414632,True,200,200
weak_factor,NN=200;a=1,aug-d-balance (residual individual),VAR,0.520772159227641,0.0172340398415979,0.5405890797706742,0.013848889310763885,0.01981692054303319,0.038052956925392734,0.022108909163583216,0.896331899344664,True,200,200
weak_factor,NN=200;a=1,aug-d-balance (residual individual),fe,1.04999580429413,0.0189444494888036,1.0181270222907552,0.016262598860041853,-0.03186878200337473,-0.030351342236837633,0.024967264329847305,-1.2764226621847774,True,200,200
weak_factor,NN=200;a=1,aug-d-balance (residual individual),gsynth,0.181808206568306,0.00794181833690197,0.1571208212539504,0.008131685739079892,-0.024687385314355603,-0.13578806908851201,0.011366476650902322,-2.1719470397535905,True,200,200
weak_factor,NN=200;a=1,aug-d-balance (residual individual),ife,0.177298127203497,0.00792481789417307,0.16254567218669977,0.008672834230420106,-0.014752455016797228,-0.08320705497280771,0.01174822506781992,-1.2557177728239413,True,200,200
weak_factor,NN=200;a=1,aug-d-balance (residual),MCPanel,1.6509740407886,0.0114353521103106,1.657826699714144,0.01126626800651352,0.006852658925543986,0.004150676362101226,0.01605291477213329,0.42687941864861273,True,200,200
weak_factor,NN=200;a=1,aug-d-balance (residual),VAR,0.349755184412361,0.0156900989203634,0.3606270541169137,0.012724294867847263,0.010871869704552728,0.03108422745132151,0.020201160462080214,0.5381804537892967,True,200,200
weak_factor,NN=200;a=1,aug-d-balance (residual),fe,1.07745497191052,0.0184180308942264,1.056697780478354,0.015471812898455022,-0.020757191432166033,-0.019265019860050234,0.024054123479883387,-0.8629369284449463,True,200,200
weak_factor,NN=200;a=1,aug-d-balance (residual),gsynth,0.183116389949355,0.00797322881253377,0.15813478088339514,0.008164692249413881,-0.024981609065959864,-0.1364247573516991,0.011412036506454832,-2.1890579347367023,True,200,200
weak_factor,NN=200;a=1,aug-d-balance (residual),ife,0.177503591526854,0.00795785729179176,0.16265935894173786,0.008670997840874575,-0.014844232585116135,-0.08362778723195803,0.011769184178734515,-1.2612796570842912,True,200,200
weak_factor,NN=200;a=1,d-balance,fe,1.07904984162212,0.0184060639451789,1.058754395775359,0.015460507131085717,-0.020295445846761018,-0.018808626871443832,0.02403768854745329,-0.8443176974647694,True,200,200
weak_factor,NN=200;a=1,outcome,MCPanel,1.7829932998847,0.0115162062206623,1.7756402532612114,0.011173241075126262,-0.007353046623488568,-0.004123990047502738,0.016045694807010062,-0.45825666709528595,True,200,200
weak_factor,NN=200;a=1,outcome,VAR,0.911374771995404,0.0173400625604381,0.9346145455860134,0.014726506212729399,0.02323977359060947,0.02549968937556532,0.022749675928097627,1.0215430612752832,True,200,200
weak_factor,NN=200;a=1,outcome,fe,2.5979955908626,0.0114153497662254,2.6026266379870386,0.01157522375678248,0.004631047124438847,0.0017825461831908742,0.016257183498529008,0.28486158902357694,True,200,200
weak_factor,NN=200;a=1,outcome,gsynth,0.181144178047347,0.00798210575427565,0.15770767495902818,0.008101720072026327,-0.023436503088318822,-0.12938038274789626,0.011373296813057977,-2.0606604640275252,True,200,200
weak_factor,NN=200;a=1,outcome,ife,0.1772835211159,0.0079715887784187,0.1627224408828063,0.008681365391455555,-0.014561080233093715,-0.0821344259265605,0.011786107614992034,-1.2354443645645905,True,200,200
weak_factor,NN=200;a=1,u-balance,fe,2.1644705561854,0.0136290727081684,2.160396402360377,0.012888944276746788,-0.004074153825023075,-0.0018822865542709182,0.01875837166317014,-0.21719123057051895,True,200,200
