"model","unit","period","counterfactual"
"fe",0,0,-2.62488766033743
"fe",0,1,-2.51091885520153
"fe",0,2,-2.36604733071923
"fe",0,3,-2.20254717330779
"fe",0,4,-2.04267119660788
"fe",0,5,-1.9282966361295
"fe",0,6,-1.73088644291006
"fe",0,7,-2.40366980176265
"fe",0,8,-2.30857072034365
"fe",0,9,-2.15098970668312
"fe",1,0,-2.10028939928887
"fe",1,1,-1.98632059415298
"fe",1,2,-1.84144906967068
"fe",1,3,-1.67794891225924
"fe",1,4,-1.51807293555933
"fe",1,5,-1.40369837508095
"fe",1,6,-1.20628818186151
"fe",1,7,-1.8790715407141
"fe",1,8,-1.7839724592951
"fe",1,9,-1.62639144563457
"fe",2,0,-1.57845794436456
"fe",2,1,-1.46448913922866
"fe",2,2,-1.31961761474636
"fe",2,3,-1.15611745733492
"fe",2,4,-0.996241480635013
"fe",2,5,-0.881866920156633
"fe",2,6,-0.684456726937191
"fe",2,7,-1.35724008578979
"fe",2,8,-1.26214100437078
"fe",2,9,-1.10455999071026
"fe",3,0,-1.04410109445355
"fe",3,1,-0.930132289317652
"fe",3,2,-0.78526076483535
"fe",3,3,-0.621760607423911
"fe",3,4,-0.461884630724
"fe",3,5,-0.347510070245619
"fe",3,6,-0.150099877026177
"fe",3,7,-0.822883235878775
"fe",3,8,-0.727784154459771
"fe",3,9,-0.570203140799245
"fe",4,0,-0.51455136949957
"fe",4,1,-0.400582564363676
"fe",4,2,-0.255711039881374
"fe",4,3,-0.0922108824699355
"fe",4,4,0.0676650942299757
"fe",4,5,0.182039654708356
"fe",4,6,0.379449847927798
"fe",4,7,-0.293333510924799
"fe",4,8,-0.198234429505796
"fe",4,9,-0.0406534158452692
"fe",5,0,-0.0386044780308749
"fe",5,1,0.0753643271050194
"fe",5,2,0.220235851587321
"fe",5,3,0.38373600899876
"fe",5,4,0.543611985698671
"fe",5,5,0.657986546177052
"fe",5,6,0.855396739396494
"fe",5,7,0.182613380543896
"fe",5,8,0.2777124619629
"fe",5,9,0.435293475623426
"fe",6,0,0.55512831861565
"fe",6,1,0.669097123751544
"fe",6,2,0.813968648233846
"fe",6,3,0.977468805645285
"fe",6,4,1.1373447823452
"fe",6,5,1.25171934282358
"fe",6,6,1.44912953604302
"fe",6,7,0.776346177190421
"fe",6,8,0.871445258609424
"fe",6,9,1.02902627226995
"fe",7,0,1.07869346190114
"fe",7,1,1.19266226703703
"fe",7,2,1.33753379151934
"fe",7,3,1.50103394893077
"fe",7,4,1.66090992563069
"fe",7,5,1.77528448610907
"fe",7,6,1.97269467932851
"fe",7,7,1.29991132047591
"fe",7,8,1.39501040189491
"fe",7,9,1.55259141555544
"fe",8,0,0.912293188518178
"fe",8,1,1.02626199365407
"fe",8,2,1.17113351813637
"fe",8,3,1.33463367554781
"fe",8,4,1.49450965224772
"fe",8,5,1.6088842127261
"fe",8,6,1.80629440594555
"fe",8,7,1.13351104709295
"fe",8,8,1.22861012851195
"fe",8,9,1.38619114217248
"fe",9,0,1.35248334391137
"fe",9,1,1.46645214904726
"fe",9,2,1.61132367352957
"fe",9,3,1.77482383094101
"fe",9,4,1.93469980764092
"fe",9,5,2.0490743681193
"fe",9,6,2.24648456133874
"fe",9,7,1.57370120248614
"fe",9,8,1.66880028390514
"fe",9,9,1.82638129756567
"fe",10,0,1.95542532827322
"fe",10,1,2.06939413340911
"fe",10,2,2.21426565789141
"fe",10,3,2.37776581530285
"fe",10,4,2.53764179200276
"fe",10,5,2.65201635248114
"fe",10,6,2.84942654570059
"fe",10,7,2.17664318684799
"fe",10,8,2.27174226826699
"fe",10,9,2.42932328192752
"fe",11,0,2.53288717843155
"fe",11,1,2.64685598356745
"fe",11,2,2.79172750804975
"fe",11,3,2.95522766546119
"fe",11,4,3.1151036421611
"fe",11,5,3.22947820263948
"fe",11,6,3.42688839585892
"fe",11,7,2.75410503700633
"fe",11,8,2.84920411842533
"fe",11,9,3.00678513208586
"ife",0,0,-1.04340212350226
"ife",0,1,-1.13613301677453
"ife",0,2,-1.08706141950083
"ife",0,3,-1.18335438299319
"ife",0,4,-1.69304075329542
"ife",0,5,-2.53487379167446
"ife",0,6,-3.27226423192592
"ife",0,7,-3.68554996449801
"ife",0,8,-3.53662845696826
"ife",0,9,-3.09717738286997
"ife",1,0,-1.34987001468932
"ife",1,1,-1.70947863928139
"ife",1,2,-1.64038089280532
"ife",1,3,-1.38009590340017
"ife",1,4,-1.24153246661432
"ife",1,5,-1.47100432888045
"ife",1,6,-1.7046488215169
"ife",1,7,-2.043791415832
"ife",1,8,-2.18720339182
"ife",1,9,-2.29549703867747
"ife",2,0,-1.42475727034259
"ife",2,1,-1.93959244069358
"ife",2,2,-1.85377142005981
"ife",2,3,-1.36164892126559
"ife",2,4,-0.792616243050925
"ife",2,5,-0.6006906781303
"ife",2,6,-0.480924365054814
"ife",2,7,-0.74724187101514
"ife",2,8,-1.07141807477218
"ife",2,9,-1.53252707988925
"ife",3,0,-0.974329217464723
"ife",3,1,-1.26766669432267
"ife",3,2,-1.16382115993325
"ife",3,3,-0.800824078539157
"ife",3,4,-0.405139389247091
"ife",3,5,-0.276208814031601
"ife",3,6,-0.162137709208266
"ife",3,7,-0.287246175319651
"ife",3,8,-0.442054724895565
"ife",3,9,-0.682191902202076
"ife",4,0,-0.159886553579667
"ife",4,1,-0.035784881801763
"ife",4,2,0.0821894811553039
"ife",4,3,0.1063006454223
"ife",4,4,-0.0335488842470771
"ife",4,5,-0.278317588989752
"ife",4,6,-0.411147077423668
"ife",4,7,-0.386236878063376
"ife",4,8,-0.179899047712773
"ife",4,9,0.130208169616179
"ife",5,0,0.479564395685528
"ife",5,1,0.904005109619842
"ife",5,2,1.03400193660394
"ife",5,3,0.823233370623784
"ife",5,4,0.317624921664074
"ife",5,5,-0.17214719753427
"ife",5,6,-0.460511634467267
"ife",5,7,-0.316798539388228
"ife",5,8,0.145450098064492
"ife",5,9,0.838923838190765
"ife",6,0,0.703357781711732
"ife",6,1,1.16365990978143
"ife",6,2,1.312532385804
"ife",6,3,1.15769377930961
"ife",6,4,0.791985129346634
"ife",6,5,0.49708790948779
"ife",6,6,0.397746628466683
"ife",6,7,0.657704758361036
"ife",6,8,1.11363300259991
"ife",6,9,1.73527298065909
"ife",7,0,0.435198751852995
"ife",7,1,0.555670229165567
"ife",7,2,0.718108382279393
"ife",7,3,0.959854204578771
"ife",7,4,1.29397527919715
"ife",7,5,1.62545479664463
"ife",7,6,2.0254993349043
"ife",7,7,2.31002595432947
"ife",7,8,2.41894519183207
"ife",7,9,2.42359357359846
"ife",8,0,0.213262608793725
"ife",8,1,0.170175485078199
"ife",8,2,0.356516691345658
"ife",8,3,0.872793150168677
"ife",8,4,1.7266145215184
"ife",8,5,2.58284448377202
"ife",8,6,3.43004761449802
"ife",8,7,3.82807133596513
"ife",8,8,3.73324002864206
"ife",8,9,3.32377103719282
"ife",9,0,0.463430529125287
"ife",9,1,0.594141563601108
"ife",9,2,0.806750083128764
"ife",9,3,1.28008794087283
"ife",9,4,2.12551146603027
"ife",9,5,3.08812695335767
"ife",9,6,4.07518105647403
"ife",9,7,4.65495628697017
"ife",9,8,4.66738245446289
"ife",9,9,4.34953727560236
"ife",10,0,1.16343918410614
"ife",10,1,1.76271518974015
"ife",10,2,2.00050185003034
"ife",10,3,2.13831979069592
"ife",10,4,2.4807089723345
"ife",10,5,3.1436165735668
"ife",10,6,3.96445613026453
"ife",10,7,4.76715764483521
"ife",10,8,5.16525689549873
"ife",10,9,5.40220459322171
"ife",11,0,1.98001080197941
"ife",11,1,2.79193272119463
"ife",11,2,3.02653691104641
"ife",11,3,2.94174512255809
"ife",11,4,2.90207388479462
"ife",11,5,3.24122284658329
"ife",11,6,3.81273655779396
"ife",11,7,4.63111601263279
"ife",11,8,5.23513322610543
"ife",11,9,5.8223754595663
"MCPanel",0,0,-1.03677789535626
"MCPanel",0,1,-1.14020145439487
"MCPanel",0,2,-1.10821510746444
"MCPanel",0,3,-1.24100837430115
"MCPanel",0,4,-1.73824114531787
"MCPanel",0,5,-2.53265154450168
"MCPanel",0,6,-3.27597376070505
"MCPanel",0,7,-3.62845172534517
"MCPanel",0,8,-3.48531599888019
"MCPanel",0,9,-3.08264851773616
"MCPanel",1,0,-1.34434997926644
"MCPanel",1,1,-1.73819144708114
"MCPanel",1,2,-1.66296449240665
"MCPanel",1,3,-1.35241357633204
"MCPanel",1,4,-1.28882937628046
"MCPanel",1,5,-1.4634684373255
"MCPanel",1,6,-1.68640213030462
"MCPanel",1,7,-2.05605220770181
"MCPanel",1,8,-2.20183251058132
"MCPanel",1,9,-2.22899875623735
"MCPanel",2,0,-1.45746371468002
"MCPanel",2,1,-1.93926279278499
"MCPanel",2,2,-1.79050162847757
"MCPanel",2,3,-1.38335101473215
"MCPanel",2,4,-0.79924693261186
"MCPanel",2,5,-0.609729060352663
"MCPanel",2,6,-0.465624471765114
"MCPanel",2,7,-0.795383120679319
"MCPanel",2,8,-1.03599446218046
"MCPanel",2,9,-1.52863116601003
"MCPanel",3,0,-1.02828949450957
"MCPanel",3,1,-1.20784896851256
"MCPanel",3,2,-1.18041805750538
"MCPanel",3,3,-0.795105435261359
"MCPanel",3,4,-0.39397676981053
"MCPanel",3,5,-0.276799019992265
"MCPanel",3,6,-0.139156598405493
"MCPanel",3,7,-0.294390386530147
"MCPanel",3,8,-0.493711078045715
"MCPanel",3,9,-0.651924056591038
"MCPanel",4,0,-0.202744880172554
"MCPanel",4,1,-0.0571668594945199
"MCPanel",4,2,0.106353826712959
"MCPanel",4,3,0.134455710650978
"MCPanel",4,4,-0.0268370570598758
"MCPanel",4,5,-0.281722081640529
"MCPanel",4,6,-0.396991682235068
"MCPanel",4,7,-0.373046111878256
"MCPanel",4,8,-0.161033691122127
"MCPanel",4,9,0.0926102106147001
"MCPanel",5,0,0.472244213038966
"MCPanel",5,1,0.887828418125486
"MCPanel",5,2,1.01626839690421
"MCPanel",5,3,0.812267249494191
"MCPanel",5,4,0.333688710664743
"MCPanel",5,5,-0.152216822950684
"MCPanel",5,6,-0.428536734224373
"MCPanel",5,7,-0.30960793626393
"MCPanel",5,8,0.138114187831365
"MCPanel",5,9,0.823296616442693
"MCPanel",6,0,0.684985244671941
"MCPanel",6,1,1.15552539812914
"MCPanel",6,2,1.3043105763317
"MCPanel",6,3,1.15944952662463
"MCPanel",6,4,0.823798854925561
"MCPanel",6,5,0.515646569411441
"MCPanel",6,6,0.43503701591064
"MCPanel",6,7,0.649670518164448
"MCPanel",6,8,1.09739296720482
"MCPanel",6,9,1.70485759415358
"MCPanel",7,0,0.441584217778016
"MCPanel",7,1,0.556095040156586
"MCPanel",7,2,0.693942501650673
"MCPanel",7,3,1.00669827395434
"MCPanel",7,4,1.36238301956834
"MCPanel",7,5,1.61088065794679
"MCPanel",7,6,1.9940311557802
"MCPanel",7,7,2.30660189748048
"MCPanel",7,8,2.40214810851961
"MCPanel",7,9,2.39196082554778
"MCPanel",8,0,0.232190510243084
"MCPanel",8,1,0.171664373706834
"MCPanel",8,2,0.423657973251745
"MCPanel",8,3,0.841669557747816
"MCPanel",8,4,1.71751810064218
"MCPanel",8,5,2.5639414539287
"MCPanel",8,6,3.40150545105935
"MCPanel",8,7,2.50859410825193
"MCPanel",8,8,2.17700513853988
"MCPanel",8,9,1.51962230373182
"MCPanel",9,0,0.485653898327967
"MCPanel",9,1,0.645483435442143
"MCPanel",9,2,0.782884899569852
"MCPanel",9,3,1.31236039125158
"MCPanel",9,4,2.09208744284631
"MCPanel",9,5,3.07113720653838
"MCPanel",9,6,4.04349677156726
"MCPanel",9,7,3.06712249668785
"MCPanel",9,8,2.64991251297962
"MCPanel",9,9,2.11710768086182
"MCPanel",10,0,1.21345389729185
"MCPanel",10,1,1.74442068048234
"MCPanel",10,2,2.00563996103209
"MCPanel",10,3,2.13397330125782
"MCPanel",10,4,2.47254251220268
"MCPanel",10,5,3.1454599448175
"MCPanel",10,6,3.93875777991554
"MCPanel",10,7,3.03596060397377
"MCPanel",10,8,3.00290932845144
"MCPanel",10,9,2.85420986428794
"MCPanel",11,0,2.0263461692284
"MCPanel",11,1,2.77597141665721
"MCPanel",11,2,3.00179388940479
"MCPanel",11,3,2.92573201812052
"MCPanel",11,4,2.91826329453275
"MCPanel",11,5,3.25502530589359
"MCPanel",11,6,3.79408725157394
"MCPanel",11,7,3.13359366807728
"MCPanel",11,8,3.31234404710607
"MCPanel",11,9,3.51323601413459
"gsynth",0,0,-1.0197567166378
"gsynth",0,1,-1.1262666350228
"gsynth",0,2,-1.07466840587532
"gsynth",0,3,-1.20713381566242
"gsynth",0,4,-1.74284290067309
"gsynth",0,5,-2.51695745661734
"gsynth",0,6,-3.25656491810091
"gsynth",0,7,-3.68695563207628
"gsynth",0,8,-3.53858187119964
"gsynth",0,9,-3.09975717213724
"gsynth",1,0,-1.34251401478824
"gsynth",1,1,-1.70731676044361
"gsynth",1,2,-1.6384983869494
"gsynth",1,3,-1.38315418282498
"gsynth",1,4,-1.2577163056581
"gsynth",1,5,-1.46725449121594
"gsynth",1,6,-1.69824087312197
"gsynth",1,7,-2.04419588186663
"gsynth",1,8,-2.18793753670432
"gsynth",1,9,-2.29667447994416
"gsynth",2,0,-1.4291353384338
"gsynth",2,1,-1.94247696637505
"gsynth",2,2,-1.85913042480504
"gsynth",2,3,-1.34959057462331
"gsynth",2,4,-0.784030097939203
"gsynth",2,5,-0.60732753564561
"gsynth",2,6,-0.481990792803583
"gsynth",2,7,-0.747327042101761
"gsynth",2,8,-1.07151536898502
"gsynth",2,9,-1.53266422256181
"gsynth",3,0,-0.98346872935857
"gsynth",3,1,-1.27121756235974
"gsynth",3,2,-1.17127220292017
"gsynth",3,3,-0.787196506744837
"gsynth",3,4,-0.389261865267587
"gsynth",3,5,-0.284526873907704
"gsynth",3,6,-0.166819213949853
"gsynth",3,7,-0.286584150475729
"gsynth",3,8,-0.440852167837485
"gsynth",3,9,-0.680420592342375
"gsynth",4,0,-0.166628339604026
"gsynth",4,1,-0.0366111954008175
"gsynth",4,2,0.0768352592512435
"gsynth",4,3,0.112386509394171
"gsynth",4,4,-0.0233770404147996
"gsynth",4,5,-0.281358538126991
"gsynth",4,6,-0.415648440194025
"gsynth",4,7,-0.385324902231063
"gsynth",4,8,-0.178498508989655
"gsynth",4,9,0.132102580691671
"gsynth",5,0,0.47482929015016
"gsynth",5,1,0.905385736414194
"gsynth",5,2,1.03011633605479
"gsynth",5,3,0.825532465070475
"gsynth",5,4,0.326184189226438
"gsynth",5,5,-0.171816482716319
"gsynth",5,6,-0.465706515321981
"gsynth",5,7,-0.316516361659451
"gsynth",5,8,0.145847472524226
"gsynth",5,9,0.839490169320134
"gsynth",6,0,0.690512027885502
"gsynth",6,1,1.16205860346449
"gsynth",6,2,1.30362232890195
"gsynth",6,3,1.1693701750204
"gsynth",6,4,0.818538058800771
"gsynth",6,5,0.491375407017598
"gsynth",6,6,0.386768397344188
"gsynth",6,7,0.658187677759578
"gsynth",6,8,1.11421225382152
"gsynth",6,9,1.73602933551191
"gsynth",7,0,0.407411487565845
"gsynth",7,1,0.546713820435981
"gsynth",7,2,0.699612979527613
"gsynth",7,3,0.991309774562341
"gsynth",7,4,1.35082972483385
"gsynth",7,5,1.60593230366855
"gsynth",7,6,2.00632768489647
"gsynth",7,7,2.31138899579144
"gsynth",7,8,2.42079108186251
"gsynth",7,9,2.42600784523822
"gsynth",8,0,0.164071068391995
"gsynth",8,1,0.158236312594749
"gsynth",8,2,0.333084617534682
"gsynth",8,3,0.925416070188223
"gsynth",8,4,1.81541297223203
"gsynth",8,5,2.55111723848441
"gsynth",8,6,3.40667236734972
"gsynth",8,7,3.84425394883429
"gsynth",8,8,3.75645883753405
"gsynth",8,9,3.35443531257852
"gsynth",9,0,0.401864241837409
"gsynth",9,1,0.580835149202581
"gsynth",9,2,0.779953579747785
"gsynth",9,3,1.34143738091709
"gsynth",9,4,2.23235474705189
"gsynth",9,5,3.05115901972288
"gsynth",9,6,4.04773761604852
"gsynth",9,7,4.67855099999221
"gsynth",9,8,4.70121070611946
"gsynth",9,9,4.39412996799328
"gsynth",10,0,1.10289925072422
"gsynth",10,1,1.75038770051528
"gsynth",10,2,1.97257408431972
"gsynth",10,3,2.19662014312345
"gsynth",10,4,2.59167876374738
"gsynth",10,5,3.10921186904866
"gsynth",10,6,3.93256381358238
"gsynth",10,7,4.78664596773238
"gsynth",10,8,5.19291799099116
"gsynth",10,9,5.43854049895779
"gsynth",11,0,1.92281757718668
"gsynth",11,1,2.78377942453702
"gsynth",11,2,3.00403185424541
"gsynth",11,3,2.99045199907405
"gsynth",11,4,2.99838502377262
"gsynth",11,5,3.21300364005703
"gsynth",11,6,3.78569905729662
"gsynth",11,7,4.65524621886038
"gsynth",11,8,5.26982270086969
"gsynth",11,9,5.86822870215406
"VAR",0,0,0
"VAR",0,1,-1.3161009593825
"VAR",0,2,-1.36019766785547
"VAR",0,3,-1.34468888674785
"VAR",0,4,-1.50447736375065
"VAR",0,5,-2.04787532428082
"VAR",0,6,-2.74378264902127
"VAR",0,7,-3.57408844234054
"VAR",0,8,-3.78350826394492
"VAR",0,9,-3.59086029896205
"VAR",1,0,0
"VAR",1,1,-1.46685971866637
"VAR",1,2,-1.91877347272651
"VAR",1,3,-1.78845502329177
"VAR",1,4,-1.42506714871867
"VAR",1,5,-1.46159975215182
"VAR",1,6,-1.53730216891608
"VAR",1,7,-1.84229285028255
"VAR",1,8,-2.08712034910385
"VAR",1,9,-2.20046100026744
"VAR",2,0,0
"VAR",2,1,-1.50819469894883
"VAR",2,2,-1.99396954497864
"VAR",2,3,-1.83061306992057
"VAR",2,4,-1.42936826717028
"VAR",2,5,-0.860696417656015
"VAR",2,6,-0.597464219974196
"VAR",2,7,-0.556923068730031
"VAR",2,8,-0.746210513483051
"VAR",2,9,-0.85251974789019
"VAR",3,0,0
"VAR",3,1,-1.05577942449121
"VAR",3,2,-1.17471208120015
"VAR",3,3,-1.1710978389793
"VAR",3,4,-0.788940987584865
"VAR",3,5,-0.359808216008556
"VAR",3,6,-0.209226018363998
"VAR",3,7,-0.188218745814772
"VAR",3,8,-0.124836048420306
"VAR",3,9,-0.350733620734918
"VAR",4,0,0
"VAR",4,1,-0.26776552113745
"VAR",4,2,-0.0808288254313786
"VAR",4,3,0.154508616896886
"VAR",4,4,0.207410803904883
"VAR",4,5,-0.0322390187343496
"VAR",4,6,-0.234950181897792
"VAR",4,7,-0.466115024151025
"VAR",4,8,-0.239647947476159
"VAR",4,9,0.031911755026906
"VAR",5,0,0
"VAR",5,1,0.455391345333925
"VAR",5,2,0.906570439678421
"VAR",5,3,1.0462833857867
"VAR",5,4,0.829630775312586
"VAR",5,5,0.327524755767457
"VAR",5,6,-0.0853578714496608
"VAR",5,7,-0.464337658060872
"VAR",5,8,-0.226831309347521
"VAR",5,9,0.325782698172561
"VAR",6,0,0
"VAR",6,1,0.75111932461897
"VAR",6,2,1.24885534440984
"VAR",6,3,1.40942208944648
"VAR",6,4,1.24150187919307
"VAR",6,5,0.865935553425725
"VAR",6,6,0.651139001427243
"VAR",6,7,0.471649322647343
"VAR",6,8,0.823970688827866
"VAR",6,9,1.3696256398758
"VAR",7,0,0
"VAR",7,1,0.620069542765451
"VAR",7,2,0.74028074215774
"VAR",7,3,0.880143383229567
"VAR",7,4,1.20345054295675
"VAR",7,5,1.47784287464402
"VAR",7,6,1.8220377306843
"VAR",7,7,2.12299916987255
"VAR",7,8,2.64764909744007
"VAR",7,9,2.79136803855567
"VAR",8,0,0
"VAR",8,1,0.731655226484893
"VAR",8,2,0.659262780513007
"VAR",8,3,0.999516682517441
"VAR",8,4,1.33556286356862
"VAR",8,5,2.2419452787387
"VAR",8,6,3.15669375311687
"VAR",8,7,3.90544751931583
"VAR",8,8,4.52093487290103
"VAR",8,9,5.19422614411538
"VAR",9,0,0
"VAR",9,1,1.0342897964567
"VAR",9,2,1.26953761460747
"VAR",9,3,1.3397795498447
"VAR",9,4,1.94881246540838
"VAR",9,5,2.64253229914234
"VAR",9,6,3.74005723103666
"VAR",9,7,4.62497105414298
"VAR",9,8,5.30774232286375
"VAR",9,9,6.04771266249629
"VAR",10,0,0
"VAR",10,1,1.61919276350891
"VAR",10,2,2.1951503441918
"VAR",10,3,2.51213919351079
"VAR",10,4,2.60930448810665
"VAR",10,5,2.8661713094444
"VAR",10,6,3.66923222205888
"VAR",10,7,4.38046035656165
"VAR",10,8,4.9324321721027
"VAR",10,9,5.54277887627854
"VAR",11,0,0
"VAR",11,1,2.2566268587645
"VAR",11,2,3.10092715572849
"VAR",11,3,3.34716663573878
"VAR",11,4,3.24479638720433
"VAR",11,5,3.18537782184028
"VAR",11,6,3.58295665410372
"VAR",11,7,4.08279331896398
"VAR",11,8,4.48645510825952
"VAR",11,9,4.94982501467913
