"family","setting","frame","outcome","rmse","rmse_mcse","mean_bias","mean_absolute_bias","n","n_total"
"classic_factor","NN=200;a=0","aug-d-balance","fe",0.0762779263967247,0.00348995547101688,0.00400654098798114,0.0621140309089733,200,200
"classic_factor","NN=200;a=0","aug-d-balance","gsynth",0.0746130965543328,0.0034320419083427,0.0046269960715122,0.0597709637426216,200,200
"classic_factor","NN=200;a=0","aug-d-balance","ife",0.0938890182520936,0.00916829213699529,0.00881254954057201,0.0680195999382092,200,200
"classic_factor","NN=200;a=0","aug-d-balance","MCPanel",0.0747298130132782,0.00339332724062395,0.00345783893247025,0.0603577489311262,200,200
"classic_factor","NN=200;a=0","aug-d-balance","VAR",0.142364965316842,0.00803763122977338,0.00192401358533851,0.111424536477999,200,200
"classic_factor","NN=200;a=0","aug-d-balance (individual)","fe",0.0740928790031568,0.00336585140103821,0.00382123530988327,0.060305222293401,200,200
"classic_factor","NN=200;a=0","aug-d-balance (individual)","gsynth",0.071488959283316,0.0033022644565972,0.00414589543698554,0.0575515748315121,200,200
"classic_factor","NN=200;a=0","aug-d-balance (individual)","ife",0.09102396928744,0.00920776866318037,0.00841813033934797,0.0659570092997131,200,200
"classic_factor","NN=200;a=0","aug-d-balance (individual)","MCPanel",0.0723556263298134,0.00325403225186567,0.00282218973615988,0.0588471310039659,200,200
"classic_factor","NN=200;a=0","aug-d-balance (individual)","VAR",0.137834615467442,0.00770473862988674,0.00193789880987804,0.108049059934523,200,200
"classic_factor","NN=200;a=0","aug-d-balance (residual individual)","fe",0.0740856215873438,0.0033654369750598,0.00382240475647555,0.0603007897473618,200,200
"classic_factor","NN=200;a=0","aug-d-balance (residual individual)","gsynth",0.0549022296727083,0.00271496895555865,0.00337641024157989,0.0445228996396384,200,200
"classic_factor","NN=200;a=0","aug-d-balance (residual individual)","ife",0.0771400692954363,0.0110285412517839,0.00801531082155124,0.0529297756418838,200,200
"classic_factor","NN=200;a=0","aug-d-balance (residual individual)","MCPanel",0.0840313690953817,0.0040992920230512,-0.00318657751307567,0.0677222387716029,200,200
"classic_factor","NN=200;a=0","aug-d-balance (residual individual)","VAR",0.12617337144364,0.00660274690664076,-0.00244446067161124,0.100694210384187,200,200
"classic_factor","NN=200;a=0","aug-d-balance (residual)","fe",0.0762601844672023,0.00348924082122383,0.00400937629939812,0.0620989380984218,200,200
"classic_factor","NN=200;a=0","aug-d-balance (residual)","gsynth",0.0552153352661451,0.00271338503209465,0.00322484839456868,0.045323294769758,200,200
"classic_factor","NN=200;a=0","aug-d-balance (residual)","ife",0.0772576803525344,0.0109126786775623,0.00796862307803576,0.0537921705041612,200,200
"classic_factor","NN=200;a=0","aug-d-balance (residual)","MCPanel",0.0813141686696839,0.00389919321674254,-0.00267548355670335,0.0656565477750552,200,200
"classic_factor","NN=200;a=0","aug-d-balance (residual)","VAR",0.120729576279495,0.00642051481930566,-0.00267780240613225,0.0967853595853156,200,200
"classic_factor","NN=200;a=0","d-balance","fe",0.076277926396759,0.00348995547099565,0.00400654098824948,0.0621140309089202,200,200
"classic_factor","NN=200;a=0","d-balance","gsynth",0.076277926396759,0.00348995547099565,0.00400654098824948,0.0621140309089202,200,200
"classic_factor","NN=200;a=0","d-balance","ife",0.076277926396759,0.00348995547099565,0.00400654098824948,0.0621140309089202,200,200
"classic_factor","NN=200;a=0","d-balance","MCPanel",0.076277926396759,0.00348995547099565,0.00400654098824948,0.0621140309089202,200,200
"classic_factor","NN=200;a=0","d-balance","VAR",0.076277926396759,0.00348995547099565,0.00400654098824948,0.0621140309089202,200,200
"classic_factor","NN=200;a=0","outcome","fe",0.417777580209507,0.0214090083152518,-0.0347343805354002,0.338038883516279,200,200
"classic_factor","NN=200;a=0","outcome","gsynth",0.0542569108162915,0.00268703033105756,0.00301677610509521,0.04390563183098,200,200
"classic_factor","NN=200;a=0","outcome","ife",0.0769564700369764,0.0112081556960205,0.0076709922583703,0.0521787817644228,200,200
"classic_factor","NN=200;a=0","outcome","MCPanel",0.0875723390446454,0.00434815812809834,-0.00384713179508943,0.0700034697806108,200,200
"classic_factor","NN=200;a=0","outcome","VAR",0.147811148486045,0.00831320346113884,-0.00333613490672617,0.118154907688379,200,200
"classic_factor","NN=200;a=0","u-balance","fe",0.0642329263762733,0.00306616506879969,-0.000313726041822319,0.0515116367091168,200,200
"classic_factor","NN=200;a=0","u-balance","gsynth",0.0642329263762733,0.00306616506879969,-0.000313726041822319,0.0515116367091168,200,200
"classic_factor","NN=200;a=0","u-balance","ife",0.0642329263762733,0.00306616506879969,-0.000313726041822319,0.0515116367091168,200,200
"classic_factor","NN=200;a=0","u-balance","MCPanel",0.0642329263762733,0.00306616506879969,-0.000313726041822319,0.0515116367091168,200,200
"classic_factor","NN=200;a=0","u-balance","VAR",0.0642329263762733,0.00306616506879969,-0.000313726041822319,0.0515116367091168,200,200
"classic_factor","NN=200;a=1","aug-d-balance","fe",0.614613298509424,0.0151475645420427,0.575515473075996,0.575515473075996,200,200
"classic_factor","NN=200;a=1","aug-d-balance","gsynth",0.146566197642119,0.00702181298089245,0.042333335503383,0.119828820502548,200,200
"classic_factor","NN=200;a=1","aug-d-balance","ife",1.62194329519566,0.0922448193977242,1.05919883865085,1.0890057585597,200,200
"classic_factor","NN=200;a=1","aug-d-balance","MCPanel",1.58122936570773,0.028919034363186,1.5294033643607,1.5294033643607,200,200
"classic_factor","NN=200;a=1","aug-d-balance","VAR",1.04201124765582,0.0276029257197489,0.950056834336823,0.960176190605453,200,200
"classic_factor","NN=200;a=1","aug-d-balance (individual)","fe",0.519252330498869,0.0159460730098902,0.465319051239012,0.467405813957937,200,200
"classic_factor","NN=200;a=1","aug-d-balance (individual)","gsynth",0.171072129996673,0.00887701501140222,0.0358093385145573,0.136452270575426,200,200
"classic_factor","NN=200;a=1","aug-d-balance (individual)","ife",1.61651709699597,0.0922210848441471,1.05408498014694,1.09462628858364,200,200
"classic_factor","NN=200;a=1","aug-d-balance (individual)","MCPanel",1.52947394054697,0.0288935291588214,1.47580939592791,1.47580939592791,200,200
"classic_factor","NN=200;a=1","aug-d-balance (individual)","VAR",1.04708931912427,0.0273669644496292,0.958982567014471,0.967621988018361,200,200
"classic_factor","NN=200;a=1","aug-d-balance (residual individual)","fe",0.516311467799327,0.0160399186494489,0.461398318705874,0.463756411844167,200,200
"classic_factor","NN=200;a=1","aug-d-balance (residual individual)","gsynth",0.0891165172355088,0.00469398075362983,0.00944217706188413,0.0703010334187138,200,200
"classic_factor","NN=200;a=1","aug-d-balance (residual individual)","ife",1.61270157720145,0.092633673131683,1.03543591569011,1.0634321598265,200,200
"classic_factor","NN=200;a=1","aug-d-balance (residual individual)","MCPanel",2.35448095153652,0.0299186003240185,2.3167324552249,2.3167324552249,200,200
"classic_factor","NN=200;a=1","aug-d-balance (residual individual)","VAR",1.22386289377916,0.0262784810136819,1.1595337469715,1.16004520694567,200,200
"classic_factor","NN=200;a=1","aug-d-balance (residual)","fe",0.607787633896574,0.0151223210030975,0.568204856271287,0.568204856271287,200,200
"classic_factor","NN=200;a=1","aug-d-balance (residual)","gsynth",0.0897860196406337,0.00467367266211218,0.00884921294825837,0.0711031421526915,200,200
"classic_factor","NN=200;a=1","aug-d-balance (residual)","ife",1.61253679549048,0.0925725781186768,1.03546917532628,1.06384656863415,200,200
"classic_factor","NN=200;a=1","aug-d-balance (residual)","MCPanel",2.24264833136277,0.029049033807661,2.20556587199586,2.20556587199586,200,200
"classic_factor","NN=200;a=1","aug-d-balance (residual)","VAR",1.15166376688594,0.0257550309935659,1.08629014824202,1.08791319057525,200,200
"classic_factor","NN=200;a=1","d-balance","fe",0.614613298510154,0.0151475645426816,0.575515473075018,0.575515473075018,200,200
"classic_factor","NN=200;a=1","d-balance","gsynth",0.614613298510154,0.0151475645426816,0.575515473075018,0.575515473075018,200,200
"classic_factor","NN=200;a=1","d-balance","ife",0.614613298510154,0.0151475645426816,0.575515473075018,0.575515473075018,200,200
"classic_factor","NN=200;a=1","d-balance","MCPanel",0.614613298510154,0.0151475645426816,0.575515473075018,0.575515473075018,200,200
"classic_factor","NN=200;a=1","d-balance","VAR",0.614613298510154,0.0151475645426816,0.575515473075018,0.575515473075018,200,200
"classic_factor","NN=200;a=1","outcome","fe",6.74526039240468,0.0316441075699058,6.73036677553136,6.73036677553136,200,200
"classic_factor","NN=200;a=1","outcome","gsynth",0.0883730599149826,0.00463082617103677,0.0096804194952319,0.0687985821921414,200,200
"classic_factor","NN=200;a=1","outcome","ife",1.61265947900622,0.0926352670898286,1.03519401457251,1.06323871061993,200,200
"classic_factor","NN=200;a=1","outcome","MCPanel",2.38194985215933,0.0299948965585072,2.34450692857819,2.34450692857819,200,200
"classic_factor","NN=200;a=1","outcome","VAR",1.45941918992697,0.0296491530783488,1.3905367109642,1.3905367109642,200,200
"classic_factor","NN=200;a=1","u-balance","fe",2.39301594710421,0.0326442792400016,2.34973810788154,2.34973810788154,200,200
"classic_factor","NN=200;a=1","u-balance","gsynth",2.39301594710421,0.0326442792400016,2.34973810788154,2.34973810788154,200,200
"classic_factor","NN=200;a=1","u-balance","ife",2.39301594710421,0.0326442792400016,2.34973810788154,2.34973810788154,200,200
"classic_factor","NN=200;a=1","u-balance","MCPanel",2.39301594710421,0.0326442792400016,2.34973810788154,2.34973810788154,200,200
"classic_factor","NN=200;a=1","u-balance","VAR",2.39301594710421,0.0326442792400016,2.34973810788154,2.34973810788154,200,200
"weak_factor","NN=200;a=0","aug-d-balance","fe",0.0660381734074871,0.00293640679655292,-0.00515504573077899,0.0542599301661238,200,200
"weak_factor","NN=200;a=0","aug-d-balance","gsynth",0.0601254264722686,0.00269036906484082,-0.0051516053281183,0.0491828706380114,200,200
"weak_factor","NN=200;a=0","aug-d-balance","ife",0.059901249460317,0.00270971034886192,-0.00508786321402619,0.0489761040360698,200,200
"weak_factor","NN=200;a=0","aug-d-balance","MCPanel",0.061989134581469,0.0026774219196461,-0.00541751137512318,0.0510227178705631,200,200
"weak_factor","NN=200;a=0","aug-d-balance","VAR",0.0935053857026432,0.00465554472686748,0.000191519496517217,0.0750003544704725,200,200
"weak_factor","NN=200;a=0","aug-d-balance (individual)","fe",0.0626579968232655,0.00269922492466804,-0.00455947045981682,0.0518160152321882,200,200
"weak_factor","NN=200;a=0","aug-d-balance (individual)","gsynth",0.0585561459226021,0.00287215991236205,-0.00488472303672386,0.0476214318810975,200,200
"weak_factor","NN=200;a=0","aug-d-balance (individual)","ife",0.0583679255959405,0.00291317562237279,-0.00480271497646964,0.0474020051186743,200,200
"weak_factor","NN=200;a=0","aug-d-balance (individual)","MCPanel",0.0602026175826621,0.00262693394237922,-0.00500425414836176,0.0494378374410585,200,200
"weak_factor","NN=200;a=0","aug-d-balance (individual)","VAR",0.0895563071778166,0.0043889914620346,-3.52949765037242e-05,0.0722390709942664,200,200
"weak_factor","NN=200;a=0","aug-d-balance (residual individual)","fe",0.0626501826208568,0.00269920235510558,-0.00456077457179064,0.0518097819685413,200,200
"weak_factor","NN=200;a=0","aug-d-balance (residual individual)","gsynth",0.0569946834234534,0.0029591480519374,-0.00490640969841005,0.0456833032678701,200,200
"weak_factor","NN=200;a=0","aug-d-balance (residual individual)","ife",0.0570477295112831,0.00303637963664797,-0.00481365766284916,0.045550076622078,200,200
"weak_factor","NN=200;a=0","aug-d-balance (residual individual)","MCPanel",0.0699972521283131,0.00324381324399634,-0.00443855835951582,0.0566849211117459,200,200
"weak_factor","NN=200;a=0","aug-d-balance (residual individual)","VAR",0.0992230269887672,0.00512584211014416,-0.00144609026669899,0.0793411512765516,200,200
"weak_factor","NN=200;a=0","aug-d-balance (residual)","fe",0.0659996458131436,0.00293350645781387,-0.00515906907031927,0.0542315305122749,200,200
"weak_factor","NN=200;a=0","aug-d-balance (residual)","gsynth",0.057410103361843,0.00291427493586447,-0.00524735245215453,0.0465164443971253,200,200
"weak_factor","NN=200;a=0","aug-d-balance (residual)","ife",0.0573823290014445,0.00300537512912472,-0.00513883256229274,0.0463557302452236,200,200
"weak_factor","NN=200;a=0","aug-d-balance (residual)","MCPanel",0.0677185833273876,0.00304182487352199,-0.004286611119408,0.0547642686044701,200,200
"weak_factor","NN=200;a=0","aug-d-balance (residual)","VAR",0.0997505590627044,0.00508661957587923,-0.00193288038913538,0.0801393351632191,200,200
"weak_factor","NN=200;a=0","d-balance","fe",0.0660381734074998,0.00293640679655134,-0.00515504573077188,0.0542599301661574,200,200
"weak_factor","NN=200;a=0","d-balance","gsynth",0.0660381734074998,0.00293640679655134,-0.00515504573077188,0.0542599301661574,200,200
"weak_factor","NN=200;a=0","d-balance","ife",0.0660381734074998,0.00293640679655134,-0.00515504573077188,0.0542599301661574,200,200
"weak_factor","NN=200;a=0","d-balance","MCPanel",0.0660381734074998,0.00293640679655134,-0.00515504573077188,0.0542599301661574,200,200
"weak_factor","NN=200;a=0","d-balance","VAR",0.0660381734074998,0.00293640679655134,-0.00515504573077188,0.0542599301661574,200,200
"weak_factor","NN=200;a=0","outcome","fe",0.149545343563165,0.00738219460659612,-0.00184461663841478,0.118638128173633,200,200
"weak_factor","NN=200;a=0","outcome","gsynth",0.0571448567508572,0.00293669915768382,-0.0053182959105954,0.0461351064813663,200,200
"weak_factor","NN=200;a=0","outcome","ife",0.0571917221149923,0.00302437240008951,-0.00514864339041647,0.0460372982547461,200,200
"weak_factor","NN=200;a=0","outcome","MCPanel",0.0740777511868301,0.003440244529473,-0.0050129461269514,0.0601371598062331,200,200
"weak_factor","NN=200;a=0","outcome","VAR",0.119766206855263,0.00607388934736149,0.00109134411244113,0.0961170484812876,200,200
"weak_factor","NN=200;a=0","u-balance","fe",0.078536959743601,0.00371576588781943,-0.00548205750467625,0.0634202490589429,200,200
"weak_factor","NN=200;a=0","u-balance","gsynth",0.078536959743601,0.00371576588781943,-0.00548205750467625,0.0634202490589429,200,200
"weak_factor","NN=200;a=0","u-balance","ife",0.078536959743601,0.00371576588781943,-0.00548205750467625,0.0634202490589429,200,200
"weak_factor","NN=200;a=0","u-balance","MCPanel",0.078536959743601,0.00371576588781943,-0.00548205750467625,0.0634202490589429,200,200
"weak_factor","NN=200;a=0","u-balance","VAR",0.078536959743601,0.00371576588781943,-0.00548205750467625,0.0634202490589429,200,200
"weak_factor","NN=200;a=1","aug-d-balance","fe",1.07904984162333,0.0184060639449783,1.0473181754582,1.0473181754582,200,200
"weak_factor","NN=200;a=1","aug-d-balance","gsynth",0.234339853933961,0.0110756801223211,0.137056412613241,0.190214438211512,200,200
"weak_factor","NN=200;a=1","aug-d-balance","ife",0.189459979678951,0.00846242978654251,0.0631756445889975,0.157281501228798,200,200
"weak_factor","NN=200;a=1","aug-d-balance","MCPanel",1.39580356331456,0.0125903205399524,1.38446155404231,1.38446155404231,200,200
"weak_factor","NN=200;a=1","aug-d-balance","VAR",1.00660441746816,0.0180816853157934,-0.975963820888468,0.975963820888468,200,200
"weak_factor","NN=200;a=1","aug-d-balance (individual)","fe",1.05083732397571,0.0188925611964301,1.01618633404086,1.01618633404086,200,200
"weak_factor","NN=200;a=1","aug-d-balance (individual)","gsynth",0.237238088935242,0.011019692062706,0.138885131133391,0.193743646965785,200,200
"weak_factor","NN=200;a=1","aug-d-balance (individual)","ife",0.206111431047623,0.00965792983273169,0.079792508318369,0.168735750277878,200,200
"weak_factor","NN=200;a=1","aug-d-balance (individual)","MCPanel",1.33941427819452,0.0130440942829785,1.32671008858468,1.32671008858468,200,200
"weak_factor","NN=200;a=1","aug-d-balance (individual)","VAR",0.93521189772434,0.0178717486218301,-0.902740467606131,0.902740467606131,200,200
"weak_factor","NN=200;a=1","aug-d-balance (residual individual)","fe",1.04999580429413,0.0189444494888036,1.01510689008578,1.01510689008578,200,200
"weak_factor","NN=200;a=1","aug-d-balance (residual individual)","gsynth",0.181808206568306,0.00794181833690197,0.05363541356289,0.153771147048947,200,200
"weak_factor","NN=200;a=1","aug-d-balance (residual individual)","ife",0.177298127203497,0.00792481789417307,0.00575603022544048,0.148535057330067,200,200
"weak_factor","NN=200;a=1","aug-d-balance (residual individual)","MCPanel",1.75663089728121,0.0115783418493306,1.74892812899161,1.74892812899161,200,200
"weak_factor","NN=200;a=1","aug-d-balance (residual individual)","VAR",0.520772159227641,0.0172340398415979,-0.467979791174295,0.472319454482306,200,200
"weak_factor","NN=200;a=1","aug-d-balance (residual)","fe",1.07745497191052,0.0184180308942264,1.04565175763912,1.04565175763912,200,200
"weak_factor","NN=200;a=1","aug-d-balance (residual)","gsynth",0.183116389949355,0.00797322881253377,0.0571696825945203,0.154441270980856,200,200
"weak_factor","NN=200;a=1","aug-d-balance (residual)","ife",0.177503591526854,0.00795785729179176,0.00590688470230554,0.148526907011917,200,200
"weak_factor","NN=200;a=1","aug-d-balance (residual)","MCPanel",1.6509740407886,0.0114353521103106,1.64305384245448,1.64305384245448,200,200
"weak_factor","NN=200;a=1","aug-d-balance (residual)","VAR",0.349755184412361,0.0156900989203634,-0.277650303323881,0.289336619564223,200,200
"weak_factor","NN=200;a=1","d-balance","fe",1.07904984162212,0.0184060639451789,1.04731817545645,1.04731817545645,200,200
"weak_factor","NN=200;a=1","d-balance","gsynth",1.07904984162212,0.0184060639451789,1.04731817545645,1.04731817545645,200,200
"weak_factor","NN=200;a=1","d-balance","ife",1.07904984162212,0.0184060639451789,1.04731817545645,1.04731817545645,200,200
"weak_factor","NN=200;a=1","d-balance","MCPanel",1.07904984162212,0.0184060639451789,1.04731817545645,1.04731817545645,200,200
"weak_factor","NN=200;a=1","d-balance","VAR",1.07904984162212,0.0184060639451789,1.04731817545645,1.04731817545645,200,200
"weak_factor","NN=200;a=1","outcome","fe",2.5979955908626,0.0114153497662254,2.5930233337733,2.5930233337733,200,200
"weak_factor","NN=200;a=1","outcome","gsynth",0.181144178047347,0.00798210575427565,0.0560706886313126,0.152464994105093,200,200
"weak_factor","NN=200;a=1","outcome","ife",0.1772835211159,0.0079715887784187,0.00585517446623241,0.148345791090424,200,200
"weak_factor","NN=200;a=1","outcome","MCPanel",1.7829932998847,0.0115162062206623,1.7755590122912,1.7755590122912,200,200
"weak_factor","NN=200;a=1","outcome","VAR",0.911374771995404,0.0173400625604381,-0.880695695172782,0.880695695172782,200,200
"weak_factor","NN=200;a=1","u-balance","fe",2.1644705561854,0.0136290727081684,2.15601346112935,2.15601346112935,200,200
"weak_factor","NN=200;a=1","u-balance","gsynth",2.1644705561854,0.0136290727081684,2.15601346112935,2.15601346112935,200,200
"weak_factor","NN=200;a=1","u-balance","ife",2.1644705561854,0.0136290727081684,2.15601346112935,2.15601346112935,200,200
"weak_factor","NN=200;a=1","u-balance","MCPanel",2.1644705561854,0.0136290727081684,2.15601346112935,2.15601346112935,200,200
"weak_factor","NN=200;a=1","u-balance","VAR",2.1644705561854,0.0136290727081684,2.15601346112935,2.15601346112935,200,200
"mixed_factor","NN=200;a=0","aug-d-balance","fe",0.0863295183458979,0.00423888751113803,0.00722712471123105,0.0696665210763928,200,200
"mixed_factor","NN=200;a=0","aug-d-balance","gsynth",0.0745521744227029,0.00388316247413902,0.0101940590394714,0.0590791482044216,200,200
"mixed_factor","NN=200;a=0","aug-d-balance","ife",0.0741082356624445,0.00386782748700734,0.010325901765001,0.0587306696684392,200,200
"mixed_factor","NN=200;a=0","aug-d-balance","MCPanel",0.0890344430822203,0.00464243299970302,0.00636299524353876,0.0712306012385514,200,200
"mixed_factor","NN=200;a=0","aug-d-balance","VAR",0.203267846178669,0.00848663581065818,0.00357505621499536,0.167591739823616,200,200
"mixed_factor","NN=200;a=0","aug-d-balance (individual)","fe",0.0857504431799337,0.00406901876311982,0.00425482246023313,0.0682216958952575,200,200
"mixed_factor","NN=200;a=0","aug-d-balance (individual)","gsynth",0.0709553559513511,0.00345828600882012,0.0080562593675618,0.0549521312989454,200,200
"mixed_factor","NN=200;a=0","aug-d-balance (individual)","ife",0.0705427510753175,0.00343714676414541,0.00816704190122738,0.0546734191878148,200,200
"mixed_factor","NN=200;a=0","aug-d-balance (individual)","MCPanel",0.0863849046812577,0.00426752207343289,0.00419715503688844,0.0685070570415748,200,200
"mixed_factor","NN=200;a=0","aug-d-balance (individual)","VAR",0.199143893464158,0.00817018080349393,0.00149931481563441,0.165603291746565,200,200
"mixed_factor","NN=200;a=0","aug-d-balance (residual individual)","fe",0.0857198610725202,0.00406772916262849,0.00426130220777054,0.0681937998086975,200,200
"mixed_factor","NN=200;a=0","aug-d-balance (residual individual)","gsynth",0.0564266928929833,0.00244101846194522,0.00818689232264951,0.0467281180549531,200,200
"mixed_factor","NN=200;a=0","aug-d-balance (residual individual)","ife",0.0561295742277535,0.00243529680698238,0.00835852865070819,0.0464585131576734,200,200
"mixed_factor","NN=200;a=0","aug-d-balance (residual individual)","MCPanel",0.123891425448524,0.00656914152881131,-0.000170231543305254,0.100054536873447,200,200
"mixed_factor","NN=200;a=0","aug-d-balance (residual individual)","VAR",0.227593522222428,0.00990324800920243,0.00180597591341562,0.188121997818794,200,200
"mixed_factor","NN=200;a=0","aug-d-balance (residual)","fe",0.0862548143797351,0.00423578539325434,0.00723740951261982,0.0696085092015568,200,200
"mixed_factor","NN=200;a=0","aug-d-balance (residual)","gsynth",0.0563113778218445,0.00244616315357437,0.00817911980297493,0.046653926948851,200,200
"mixed_factor","NN=200;a=0","aug-d-balance (residual)","ife",0.0559945491210736,0.00244462304184972,0.00840681279525787,0.0462889127538052,200,200
"mixed_factor","NN=200;a=0","aug-d-balance (residual)","MCPanel",0.119016057742685,0.00642518561343435,-0.000223010966935701,0.0962366413442628,200,200
"mixed_factor","NN=200;a=0","aug-d-balance (residual)","VAR",0.226999832762621,0.00986409262647062,0.00118570378718404,0.188281752852552,200,200
"mixed_factor","NN=200;a=0","d-balance","fe",0.0863295183459004,0.00423888751113716,0.00722712471124376,0.0696665210764026,200,200
"mixed_factor","NN=200;a=0","d-balance","gsynth",0.0863295183459004,0.00423888751113716,0.00722712471124376,0.0696665210764026,200,200
"mixed_factor","NN=200;a=0","d-balance","ife",0.0863295183459004,0.00423888751113716,0.00722712471124376,0.0696665210764026,200,200
"mixed_factor","NN=200;a=0","d-balance","MCPanel",0.0863295183459004,0.00423888751113716,0.00722712471124376,0.0696665210764026,200,200
"mixed_factor","NN=200;a=0","d-balance","VAR",0.0863295183459004,0.00423888751113716,0.00722712471124376,0.0696665210764026,200,200
"mixed_factor","NN=200;a=0","outcome","fe",0.398266766517199,0.0192095861527437,-0.0186801014159207,0.320027178649898,200,200
"mixed_factor","NN=200;a=0","outcome","gsynth",0.0563842679802684,0.00240997687366949,0.00768635533901781,0.046711429071978,200,200
"mixed_factor","NN=200;a=0","outcome","ife",0.0561154482055466,0.00240486123703778,0.00786115053748993,0.0464860409910568,200,200
"mixed_factor","NN=200;a=0","outcome","MCPanel",0.128490577350752,0.00690124234499484,-0.00111889954872001,0.10424998086175,200,200
"mixed_factor","NN=200;a=0","outcome","VAR",0.258823460404065,0.0113888780139848,0.00102632766500675,0.214057630595954,200,200
"mixed_factor","NN=200;a=0","u-balance","fe",0.0983827052478332,0.00534016186437622,0.00133315549448379,0.0796051722180237,200,200
"mixed_factor","NN=200;a=0","u-balance","gsynth",0.0983827052478332,0.00534016186437622,0.00133315549448379,0.0796051722180237,200,200
"mixed_factor","NN=200;a=0","u-balance","ife",0.0983827052478332,0.00534016186437622,0.00133315549448379,0.0796051722180237,200,200
"mixed_factor","NN=200;a=0","u-balance","MCPanel",0.0983827052478332,0.00534016186437622,0.00133315549448379,0.0796051722180237,200,200
"mixed_factor","NN=200;a=0","u-balance","VAR",0.0983827052478332,0.00534016186437622,0.00133315549448379,0.0796051722180237,200,200
"mixed_factor","NN=200;a=1","aug-d-balance","fe",1.79058352198836,0.0225323438903863,1.76242536523694,1.76242536523694,200,200
"mixed_factor","NN=200;a=1","aug-d-balance","gsynth",0.194838332023009,0.00787738968998152,0.133005399461047,0.162071894870942,200,200
"mixed_factor","NN=200;a=1","aug-d-balance","ife",0.162472506081637,0.00630728174934578,0.108724206446549,0.135656466222578,200,200
"mixed_factor","NN=200;a=1","aug-d-balance","MCPanel",1.22573875378056,0.0192594332789977,1.19556005411746,1.19556005411746,200,200
"mixed_factor","NN=200;a=1","aug-d-balance","VAR",0.403568341513179,0.0207615191913327,-0.0679066753099633,0.320904439431289,200,200
"mixed_factor","NN=200;a=1","aug-d-balance (individual)","fe",1.52715590315544,0.0294551806220447,1.46855484197805,1.46855484197805,200,200
"mixed_factor","NN=200;a=1","aug-d-balance (individual)","gsynth",0.207100960223297,0.00932019940093711,0.125898893892682,0.171668741973236,200,200
"mixed_factor","NN=200;a=1","aug-d-balance (individual)","ife",0.18824526439423,0.00842084513998242,0.108331324838867,0.155365510252175,200,200
"mixed_factor","NN=200;a=1","aug-d-balance (individual)","MCPanel",1.15388711673108,0.0208778328919279,1.11684300405939,1.11684300405939,200,200
"mixed_factor","NN=200;a=1","aug-d-balance (individual)","VAR",0.389230531846265,0.0205239048942832,-0.0161688828048716,0.31475483106976,200,200
"mixed_factor","NN=200;a=1","aug-d-balance (residual individual)","fe",1.51391932194891,0.0297990163788193,1.45339245899936,1.45339245899936,200,200
"mixed_factor","NN=200;a=1","aug-d-balance (residual individual)","gsynth",0.0899609153265953,0.00421358956442113,0.0261976332128565,0.0715750483505831,200,200
"mixed_factor","NN=200;a=1","aug-d-balance (residual individual)","ife",0.0903056488563826,0.00425678318902957,0.0257440084390863,0.0717564238109322,200,200
"mixed_factor","NN=200;a=1","aug-d-balance (residual individual)","MCPanel",1.60087354019844,0.0199779789923907,1.57603273452922,1.57603273452922,200,200
"mixed_factor","NN=200;a=1","aug-d-balance (residual individual)","VAR",0.440689160526396,0.0231497977201598,0.211349578253242,0.344727268736779,200,200
"mixed_factor","NN=200;a=1","aug-d-balance (residual)","fe",1.78040700849898,0.0227479635353286,1.75152576956253,1.75152576956253,200,200
"mixed_factor","NN=200;a=1","aug-d-balance (residual)","gsynth",0.091422253059371,0.00421538149547904,0.0286520711858128,0.0728382609622604,200,200
"mixed_factor","NN=200;a=1","aug-d-balance (residual)","ife",0.0907291477238437,0.00425771121753715,0.026332618211701,0.0721869671842466,200,200
"mixed_factor","NN=200;a=1","aug-d-balance (residual)","MCPanel",1.49611782804439,0.0189112331561506,1.47235904493624,1.47235904493624,200,200
"mixed_factor","NN=200;a=1","aug-d-balance (residual)","VAR",0.458681992603,0.0239050580629891,0.246587433497109,0.35921380874671,200,200
"mixed_factor","NN=200;a=1","d-balance","fe",1.79058352199517,0.0225323438904824,1.7624253652431,1.7624253652431,200,200
"mixed_factor","NN=200;a=1","d-balance","gsynth",1.79058352199517,0.0225323438904824,1.7624253652431,1.7624253652431,200,200
"mixed_factor","NN=200;a=1","d-balance","ife",1.79058352199517,0.0225323438904824,1.7624253652431,1.7624253652431,200,200
"mixed_factor","NN=200;a=1","d-balance","MCPanel",1.79058352199517,0.0225323438904824,1.7624253652431,1.7624253652431,200,200
"mixed_factor","NN=200;a=1","d-balance","VAR",1.79058352199517,0.0225323438904824,1.7624253652431,1.7624253652431,200,200
"mixed_factor","NN=200;a=1","outcome","fe",4.16149958340748,0.0286119077888173,4.14105274570223,4.14105274570223,200,200
"mixed_factor","NN=200;a=1","outcome","gsynth",0.0909644290829524,0.00425060046904081,0.0262733817635625,0.0724176332464352,200,200
"mixed_factor","NN=200;a=1","outcome","ife",0.0905867268610287,0.00426110465291761,0.0254541297028986,0.0721464073442516,200,200
"mixed_factor","NN=200;a=1","outcome","MCPanel",1.62494253890176,0.0197961831323698,1.60093965228534,1.60093965228534,200,200
"mixed_factor","NN=200;a=1","outcome","VAR",0.414180565442466,0.0197078222812537,-0.0339418814369002,0.336502667036711,200,200
"mixed_factor","NN=200;a=1","u-balance","fe",2.89924163746563,0.030043029160528,2.86750765410266,2.86750765410266,200,200
"mixed_factor","NN=200;a=1","u-balance","gsynth",2.89924163746563,0.030043029160528,2.86750765410266,2.86750765410266,200,200
"mixed_factor","NN=200;a=1","u-balance","ife",2.89924163746563,0.030043029160528,2.86750765410266,2.86750765410266,200,200
"mixed_factor","NN=200;a=1","u-balance","MCPanel",2.89924163746563,0.030043029160528,2.86750765410266,2.86750765410266,200,200
"mixed_factor","NN=200;a=1","u-balance","VAR",2.89924163746563,0.030043029160528,2.86750765410266,2.86750765410266,200,200
"time_series","NN=200;a=0.2;I=0","aug-d-balance","arima",0.0911947628835972,0.0051495366217483,-0.00653563805092565,0.0724129967561265,200,200
"time_series","NN=200;a=0.2;I=0","aug-d-balance","fe",0.0890133254609452,0.00457393146999695,-0.0142222932143023,0.0712177777481967,200,200
"time_series","NN=200;a=0.2;I=0","aug-d-balance","gsynth",0.0915678560619047,0.00498869705436513,-0.0166630146279822,0.0722645684590604,200,200
"time_series","NN=200;a=0.2;I=0","aug-d-balance","ife",0.102660033729677,0.00597579772749973,-0.0154445869561985,0.0787797561939065,200,200
"time_series","NN=200;a=0.2;I=0","aug-d-balance","MCPanel",0.0890443182666284,0.00456187080475002,-0.0138198576080945,0.0713962600333495,200,200
"time_series","NN=200;a=0.2;I=0","aug-d-balance","VAR",0.100966998355048,0.00512171746627142,-0.0456307664246234,0.0794157897696823,200,200
"time_series","NN=200;a=0.2;I=0","aug-d-balance (individual)","arima",0.087515983595008,0.00499813383740784,-0.00736822370933133,0.0700112499587974,200,200
"time_series","NN=200;a=0.2;I=0","aug-d-balance (individual)","fe",0.0864127887141427,0.0045900786884976,-0.0144544159656103,0.0681798730866105,200,200
"time_series","NN=200;a=0.2;I=0","aug-d-balance (individual)","gsynth",0.0890052884583684,0.00499628605020095,-0.0172703451311017,0.0695822789481832,200,200
"time_series","NN=200;a=0.2;I=0","aug-d-balance (individual)","ife",0.09967252459045,0.00576934174626741,-0.016020732247693,0.0763343535349716,200,200
"time_series","NN=200;a=0.2;I=0","aug-d-balance (individual)","MCPanel",0.0866829816369672,0.00449891752717056,-0.0141693830150247,0.0687829367193356,200,200
"time_series","NN=200;a=0.2;I=0","aug-d-balance (individual)","VAR",0.097676766722813,0.00510274727581105,-0.0458164194106326,0.075954671674166,200,200
"time_series","NN=200;a=0.2;I=0","aug-d-balance (residual individual)","arima",0.0883176265185387,0.0051105980284379,-0.00714078972520923,0.0710465864167282,200,200
"time_series","NN=200;a=0.2;I=0","aug-d-balance (residual individual)","fe",0.086419639532791,0.00459024635672635,-0.0144570307618155,0.0681860201361222,200,200
"time_series","NN=200;a=0.2;I=0","aug-d-balance (residual individual)","gsynth",0.0907235858774978,0.00525621589277957,-0.0181412212645729,0.0706458718336877,200,200
"time_series","NN=200;a=0.2;I=0","aug-d-balance (residual individual)","ife",0.105665871162728,0.0063776737069611,-0.0162622642008342,0.0809738567238329,200,200
"time_series","NN=200;a=0.2;I=0","aug-d-balance (residual individual)","MCPanel",0.0849967095217873,0.00445152206565961,-0.0136007213009781,0.0671517170326555,200,200
"time_series","NN=200;a=0.2;I=0","aug-d-balance (residual individual)","VAR",0.0972325954200327,0.00501886816380359,-0.044798570171937,0.0759536119240696,200,200
"time_series","NN=200;a=0.2;I=0","aug-d-balance (residual)","arima",0.0915910764959039,0.00515371348642991,-0.00602319575963102,0.0733062471237128,200,200
"time_series","NN=200;a=0.2;I=0","aug-d-balance (residual)","fe",0.0890136913942136,0.00457394495290859,-0.0142220949000812,0.0712184393997746,200,200
"time_series","NN=200;a=0.2;I=0","aug-d-balance (residual)","gsynth",0.0931289873673472,0.00544366439293186,-0.0182900722703531,0.0707379207715537,200,200
"time_series","NN=200;a=0.2;I=0","aug-d-balance (residual)","ife",0.106916014886412,0.00666773090698298,-0.0161677241412938,0.0812756443334003,200,200
"time_series","NN=200;a=0.2;I=0","aug-d-balance (residual)","MCPanel",0.0850108454960631,0.00448124609097378,-0.0131454741133331,0.0669954790504002,200,200
"time_series","NN=200;a=0.2;I=0","aug-d-balance (residual)","VAR",0.0997181901281948,0.00496246513230607,-0.0435952715120629,0.0788979689570162,200,200
"time_series","NN=200;a=0.2;I=0","d-balance","arima",0.0890133254609146,0.00457393146999377,-0.0142222932143388,0.0712177777482044,200,200
"time_series","NN=200;a=0.2;I=0","d-balance","fe",0.0890133254609146,0.00457393146999377,-0.0142222932143388,0.0712177777482044,200,200
"time_series","NN=200;a=0.2;I=0","d-balance","gsynth",0.0890133254609146,0.00457393146999377,-0.0142222932143388,0.0712177777482044,200,200
"time_series","NN=200;a=0.2;I=0","d-balance","ife",0.0890133254609146,0.00457393146999377,-0.0142222932143388,0.0712177777482044,200,200
"time_series","NN=200;a=0.2;I=0","d-balance","MCPanel",0.0890133254609146,0.00457393146999377,-0.0142222932143388,0.0712177777482044,200,200
"time_series","NN=200;a=0.2;I=0","d-balance","VAR",0.0890133254609146,0.00457393146999377,-0.0142222932143388,0.0712177777482044,200,200
"time_series","NN=200;a=0.2;I=0","outcome","arima",0.0947520700322851,0.00449287065969769,0.0508536135126056,0.0761904428312103,200,200
"time_series","NN=200;a=0.2;I=0","outcome","fe",0.0844712215930112,0.00443550667293349,-0.0123649487137936,0.0660708650326255,200,200
"time_series","NN=200;a=0.2;I=0","outcome","gsynth",0.0900498188616458,0.0054277225238558,-0.0172694508229093,0.0684379367894117,200,200
"time_series","NN=200;a=0.2;I=0","outcome","ife",0.105845067033789,0.00642125798338094,-0.0167590202082731,0.0801703139455337,200,200
"time_series","NN=200;a=0.2;I=0","outcome","MCPanel",0.084428634591139,0.00436730945401343,-0.0136368482066895,0.0667133879367989,200,200
"time_series","NN=200;a=0.2;I=0","outcome","VAR",0.085604701765305,0.00440768361700803,-0.0120611411104189,0.0667328874001642,200,200
"time_series","NN=200;a=0.2;I=0","u-balance","arima",0.0842496536187678,0.00443196414422247,-0.0128679376702546,0.0660596955409709,200,200
"time_series","NN=200;a=0.2;I=0","u-balance","fe",0.0842496536187678,0.00443196414422247,-0.0128679376702546,0.0660596955409709,200,200
"time_series","NN=200;a=0.2;I=0","u-balance","gsynth",0.0842496536187678,0.00443196414422247,-0.0128679376702546,0.0660596955409709,200,200
"time_series","NN=200;a=0.2;I=0","u-balance","ife",0.0842496536187678,0.00443196414422247,-0.0128679376702546,0.0660596955409709,200,200
"time_series","NN=200;a=0.2;I=0","u-balance","MCPanel",0.0842496536187678,0.00443196414422247,-0.0128679376702546,0.0660596955409709,200,200
"time_series","NN=200;a=0.2;I=0","u-balance","VAR",0.0842496536187678,0.00443196414422247,-0.0128679376702546,0.0660596955409709,200,200
"time_series","NN=200;a=0.2;I=1","aug-d-balance","arima",0.668683198746987,0.0269458842480837,0.457147073178191,0.559180612748587,200,200
"time_series","NN=200;a=0.2;I=1","aug-d-balance","fe",1.8837514815548,0.0377801822517769,1.7985545468877,1.80015472962447,200,200
"time_series","NN=200;a=0.2;I=1","aug-d-balance","gsynth",1.68796884527755,0.0407102593071281,1.58141521699025,1.58583698820138,200,200
"time_series","NN=200;a=0.2;I=1","aug-d-balance","ife",1.70023770417269,0.0420937752018935,1.58983738548519,1.59352001655285,200,200
"time_series","NN=200;a=0.2;I=1","aug-d-balance","MCPanel",4.0724020135038,0.0418304770192874,4.02819420739445,4.02819420739445,200,200
"time_series","NN=200;a=0.2;I=1","aug-d-balance","VAR",1.74046839138113,0.0334169416766807,1.66097654872141,1.66580772257934,200,200
"time_series","NN=200;a=0.2;I=1","aug-d-balance (individual)","arima",0.678105601842977,0.0272175446337433,0.455141468620115,0.561938487718398,200,200
"time_series","NN=200;a=0.2;I=1","aug-d-balance (individual)","fe",1.92715970980794,0.0430096280550576,1.82308971766098,1.82511423722566,200,200
"time_series","NN=200;a=0.2;I=1","aug-d-balance (individual)","gsynth",1.70132447406188,0.0434608682466069,1.58523561167864,1.58798207980757,200,200
"time_series","NN=200;a=0.2;I=1","aug-d-balance (individual)","ife",1.71672156065284,0.0449099170269957,1.5976539074031,1.59914647012452,200,200
"time_series","NN=200;a=0.2;I=1","aug-d-balance (individual)","MCPanel",4.09498772786845,0.0420447272127728,4.05086612778669,4.05086612778669,200,200
"time_series","NN=200;a=0.2;I=1","aug-d-balance (individual)","VAR",1.75615574551318,0.0342336993628528,1.67517095308065,1.6789926728449,200,200
"time_series","NN=200;a=0.2;I=1","aug-d-balance (residual individual)","arima",0.528351390264679,0.024125039748082,0.344815701870742,0.435473880443714,200,200
"time_series","NN=200;a=0.2;I=1","aug-d-balance (residual individual)","fe",1.92720554410041,0.0430196195635329,1.82308039873353,1.82510539393632,200,200
"time_series","NN=200;a=0.2;I=1","aug-d-balance (residual individual)","gsynth",1.850837598379,0.0584687301935423,1.66535566481521,1.66942997428998,200,200
"time_series","NN=200;a=0.2;I=1","aug-d-balance (residual individual)","ife",1.90355230847924,0.0616833214384025,1.70088952594233,1.70599073333054,200,200
"time_series","NN=200;a=0.2;I=1","aug-d-balance (residual individual)","MCPanel",4.75867851312297,0.0459819124922659,4.71368274061529,4.71368274061529,200,200
"time_series","NN=200;a=0.2;I=1","aug-d-balance (residual individual)","VAR",1.84739197722584,0.0284583183711821,1.798308486625,1.798308486625,200,200
"time_series","NN=200;a=0.2;I=1","aug-d-balance (residual)","arima",0.533457796929883,0.0241379815948956,0.352721144745489,0.439731948128438,200,200
"time_series","NN=200;a=0.2;I=1","aug-d-balance (residual)","fe",1.88375213139404,0.0377888631354274,1.79851213344376,1.80011688293997,200,200
"time_series","NN=200;a=0.2;I=1","aug-d-balance (residual)","gsynth",1.9002345313269,0.0605727062237492,1.70703717536743,1.71091872621835,200,200
"time_series","NN=200;a=0.2;I=1","aug-d-balance (residual)","ife",1.94267937170274,0.0629482119350453,1.73614786678499,1.74089198416711,200,200
"time_series","NN=200;a=0.2;I=1","aug-d-balance (residual)","MCPanel",4.74199260782482,0.0457109729009326,4.69735727526009,4.69735727526009,200,200
"time_series","NN=200;a=0.2;I=1","aug-d-balance (residual)","VAR",1.831429311909,0.0283250175980478,1.78228376697258,1.78228376697258,200,200
"time_series","NN=200;a=0.2;I=1","d-balance","arima",1.88375148154662,0.0377801822506302,1.79855454688073,1.80015472961792,200,200
"time_series","NN=200;a=0.2;I=1","d-balance","fe",1.88375148154662,0.0377801822506302,1.79855454688073,1.80015472961792,200,200
"time_series","NN=200;a=0.2;I=1","d-balance","gsynth",1.88375148154662,0.0377801822506302,1.79855454688073,1.80015472961792,200,200
"time_series","NN=200;a=0.2;I=1","d-balance","ife",1.88375148154662,0.0377801822506302,1.79855454688073,1.80015472961792,200,200
"time_series","NN=200;a=0.2;I=1","d-balance","MCPanel",1.88375148154662,0.0377801822506302,1.79855454688073,1.80015472961792,200,200
"time_series","NN=200;a=0.2;I=1","d-balance","VAR",1.88375148154662,0.0377801822506302,1.79855454688073,1.80015472961792,200,200
"time_series","NN=200;a=0.2;I=1","outcome","arima",0.5731116202105,0.0248904731514887,0.404878303351637,0.477714026311729,200,200
"time_series","NN=200;a=0.2;I=1","outcome","fe",7.921205762306,0.0594632208821504,7.87545580819044,7.87545580819044,200,200
"time_series","NN=200;a=0.2;I=1","outcome","gsynth",1.95318515551936,0.0625586569418067,1.75175692907783,1.75584627223461,200,200
"time_series","NN=200;a=0.2;I=1","outcome","ife",1.97849059103121,0.0639778914598869,1.76761239376393,1.77257606031708,200,200
"time_series","NN=200;a=0.2;I=1","outcome","MCPanel",4.78963656598853,0.0461660603284717,4.74456048421017,4.74456048421017,200,200
"time_series","NN=200;a=0.2;I=1","outcome","VAR",1.93434103382865,0.0288660612693707,1.88692897766566,1.88692897766566,200,200
"time_series","NN=200;a=0.2;I=1","u-balance","arima",2.90341381391564,0.0475337649650477,2.82478297816993,2.82478297816993,200,200
"time_series","NN=200;a=0.2;I=1","u-balance","fe",2.90341381391564,0.0475337649650477,2.82478297816993,2.82478297816993,200,200
"time_series","NN=200;a=0.2;I=1","u-balance","gsynth",2.90341381391564,0.0475337649650477,2.82478297816993,2.82478297816993,200,200
"time_series","NN=200;a=0.2;I=1","u-balance","ife",2.90341381391564,0.0475337649650477,2.82478297816993,2.82478297816993,200,200
"time_series","NN=200;a=0.2;I=1","u-balance","MCPanel",2.90341381391564,0.0475337649650477,2.82478297816993,2.82478297816993,200,200
"time_series","NN=200;a=0.2;I=1","u-balance","VAR",2.90341381391564,0.0475337649650477,2.82478297816993,2.82478297816993,200,200
"time_series","NN=200;a=0.9;I=0","aug-d-balance","arima",0.29826605797828,0.0161951590109079,0.0697641299446899,0.234355289972043,200,200
"time_series","NN=200;a=0.9;I=0","aug-d-balance","fe",0.289263746118562,0.0132824241354271,0.0218188628017119,0.236586995016427,200,200
"time_series","NN=200;a=0.9;I=0","aug-d-balance","gsynth",0.312066038791401,0.0150504363993492,0.0289958641939578,0.248632642259955,200,200
"time_series","NN=200;a=0.9;I=0","aug-d-balance","ife",0.32061449865897,0.0152852706044547,0.0305629178150027,0.256518971868386,200,200
"time_series","NN=200;a=0.9;I=0","aug-d-balance","MCPanel",0.295342248553653,0.0134389574292399,0.0163924191621077,0.24109116830715,200,200
"time_series","NN=200;a=0.9;I=0","aug-d-balance","VAR",0.380981269668979,0.0184340485152025,-0.178865079398459,0.308222682235666,200,200
"time_series","NN=200;a=0.9;I=0","aug-d-balance (individual)","arima",0.298612474713545,0.016674762646526,0.0715030690234134,0.236408557327249,200,200
"time_series","NN=200;a=0.9;I=0","aug-d-balance (individual)","fe",0.306438565092312,0.0147168856715767,0.0278905616451627,0.248926755239146,200,200
"time_series","NN=200;a=0.9;I=0","aug-d-balance (individual)","gsynth",0.324112404839027,0.0160477484300548,0.0330205858665471,0.258841041493588,200,200
"time_series","NN=200;a=0.9;I=0","aug-d-balance (individual)","ife",0.332488890066024,0.0162113779088217,0.0344431954148416,0.265296240717824,200,200
"time_series","NN=200;a=0.9;I=0","aug-d-balance (individual)","MCPanel",0.296387925067388,0.0134677106579158,0.0152705348460938,0.241731177993264,200,200
"time_series","NN=200;a=0.9;I=0","aug-d-balance (individual)","VAR",0.370222356551521,0.0175765098241223,-0.17094018148485,0.299813736598572,200,200
"time_series","NN=200;a=0.9;I=0","aug-d-balance (residual individual)","arima",0.292626118691277,0.0161501391654085,0.0580295603849812,0.230999267647899,200,200
"time_series","NN=200;a=0.9;I=0","aug-d-balance (residual individual)","fe",0.306485975439698,0.0147200445045909,0.0279067658261343,0.248960934934633,200,200
"time_series","NN=200;a=0.9;I=0","aug-d-balance (residual individual)","gsynth",0.380553434547463,0.0183259324372979,0.0271726748439749,0.301950686354883,200,200
"time_series","NN=200;a=0.9;I=0","aug-d-balance (residual individual)","ife",0.397791466509042,0.0189944956318372,0.0279083690827263,0.314981258341762,200,200
"time_series","NN=200;a=0.9;I=0","aug-d-balance (residual individual)","MCPanel",0.309775806708813,0.0144910624762776,0.00716657686665514,0.247818277018043,200,200
"time_series","NN=200;a=0.9;I=0","aug-d-balance (residual individual)","VAR",0.293754492513355,0.0137583732259417,0.00116412782188222,0.23777373711362,200,200
"time_series","NN=200;a=0.9;I=0","aug-d-balance (residual)","arima",0.292018043583695,0.0159496822934196,0.0561523498123322,0.230850831713107,200,200
"time_series","NN=200;a=0.9;I=0","aug-d-balance (residual)","fe",0.289267420699646,0.0132829985215937,0.0218278890465297,0.236591642432247,200,200
"time_series","NN=200;a=0.9;I=0","aug-d-balance (residual)","gsynth",0.386099757002045,0.0183669429446828,0.0256174354096805,0.307367560963793,200,200
"time_series","NN=200;a=0.9;I=0","aug-d-balance (residual)","ife",0.403142473140866,0.0190862750038455,0.0265115310028539,0.320303526184692,200,200
"time_series","NN=200;a=0.9;I=0","aug-d-balance (residual)","MCPanel",0.309240631016715,0.0144830671757669,0.00780492223556083,0.247504378619463,200,200
"time_series","NN=200;a=0.9;I=0","aug-d-balance (residual)","VAR",0.295900071851544,0.0139367286956844,0.00650180588692438,0.240604386293967,200,200
"time_series","NN=200;a=0.9;I=0","d-balance","arima",0.289263746121533,0.0132824241352909,0.0218188628032384,0.236586995022009,200,200
"time_series","NN=200;a=0.9;I=0","d-balance","fe",0.289263746121533,0.0132824241352909,0.0218188628032384,0.236586995022009,200,200
"time_series","NN=200;a=0.9;I=0","d-balance","gsynth",0.289263746121533,0.0132824241352909,0.0218188628032384,0.236586995022009,200,200
"time_series","NN=200;a=0.9;I=0","d-balance","ife",0.289263746121533,0.0132824241352909,0.0218188628032384,0.236586995022009,200,200
"time_series","NN=200;a=0.9;I=0","d-balance","MCPanel",0.289263746121533,0.0132824241352909,0.0218188628032384,0.236586995022009,200,200
"time_series","NN=200;a=0.9;I=0","d-balance","VAR",0.289263746121533,0.0132824241352909,0.0218188628032384,0.236586995022009,200,200
"time_series","NN=200;a=0.9;I=0","outcome","arima",0.292145429841985,0.0162226874169331,0.0745297226385019,0.228908729515897,200,200
"time_series","NN=200;a=0.9;I=0","outcome","fe",0.355635616826664,0.0171959503504381,-0.00126345673152001,0.283360692417792,200,200
"time_series","NN=200;a=0.9;I=0","outcome","gsynth",0.397073366518924,0.0185083444930926,0.0229573789185265,0.317998470715967,200,200
"time_series","NN=200;a=0.9;I=0","outcome","ife",0.411478875713277,0.019067214025045,0.0235242595289059,0.328374460642795,200,200
"time_series","NN=200;a=0.9;I=0","outcome","MCPanel",0.310529972949161,0.014559397694299,0.0073606310277091,0.248283096377267,200,200
"time_series","NN=200;a=0.9;I=0","outcome","VAR",0.284340153798619,0.0131776852452444,0.00648658735310555,0.230929624020166,200,200
"time_series","NN=200;a=0.9;I=0","u-balance","arima",0.298972356480754,0.0139107232257206,0.00786109745157285,0.241330838927512,200,200
"time_series","NN=200;a=0.9;I=0","u-balance","fe",0.298972356480754,0.0139107232257206,0.00786109745157285,0.241330838927512,200,200
"time_series","NN=200;a=0.9;I=0","u-balance","gsynth",0.298972356480754,0.0139107232257206,0.00786109745157285,0.241330838927512,200,200
"time_series","NN=200;a=0.9;I=0","u-balance","ife",0.298972356480754,0.0139107232257206,0.00786109745157285,0.241330838927512,200,200
"time_series","NN=200;a=0.9;I=0","u-balance","MCPanel",0.298972356480754,0.0139107232257206,0.00786109745157285,0.241330838927512,200,200
"time_series","NN=200;a=0.9;I=0","u-balance","VAR",0.298972356480754,0.0139107232257206,0.00786109745157285,0.241330838927512,200,200
"time_series","NN=200;a=0.9;I=1","aug-d-balance","arima",1.55927084554337,0.0833110456476739,0.577963668635014,1.20959690816726,200,200
"time_series","NN=200;a=0.9;I=1","aug-d-balance","fe",8.14843063968694,0.184434899625601,7.70266093451268,7.70266093451268,200,200
"time_series","NN=200;a=0.9;I=1","aug-d-balance","gsynth",8.26299211743645,0.176910487453791,7.87682660105299,7.87682660105299,200,200
"time_series","NN=200;a=0.9;I=1","aug-d-balance","ife",8.40631439832694,0.178638131812514,8.0200248338075,8.0200248338075,200,200
"time_series","NN=200;a=0.9;I=1","aug-d-balance","MCPanel",30.2519057726399,0.314080966228363,29.9205716049353,29.9205716049353,200,200
"time_series","NN=200;a=0.9;I=1","aug-d-balance","VAR",5.50217734036548,0.104574566314138,5.29796597738664,5.29796597738664,200,200
"time_series","NN=200;a=0.9;I=1","aug-d-balance (individual)","arima",1.57878705686877,0.085171983511616,0.554298953172107,1.23588206743659,200,200
"time_series","NN=200;a=0.9;I=1","aug-d-balance (individual)","fe",8.92241332724122,0.226799982302945,8.30050455139386,8.30050455139386,200,200
"time_series","NN=200;a=0.9;I=1","aug-d-balance (individual)","gsynth",8.38439556824958,0.194605825001039,7.90874552883718,7.90979559936951,200,200
"time_series","NN=200;a=0.9;I=1","aug-d-balance (individual)","ife",8.60189853847785,0.198109604929699,8.12412090553305,8.12412090553305,200,200
"time_series","NN=200;a=0.9;I=1","aug-d-balance (individual)","MCPanel",30.3029871183187,0.31443543496119,29.9713316315613,29.9713316315613,200,200
"time_series","NN=200;a=0.9;I=1","aug-d-balance (individual)","VAR",5.51310188635424,0.107033342646175,5.30183542679326,5.30183542679326,200,200
"time_series","NN=200;a=0.9;I=1","aug-d-balance (residual individual)","arima",1.586774968528,0.0913190600832923,0.559592727986285,1.21961604535919,200,200
"time_series","NN=200;a=0.9;I=1","aug-d-balance (residual individual)","fe",8.92205627964653,0.226821931402687,8.29995758445384,8.29995758445384,200,200
"time_series","NN=200;a=0.9;I=1","aug-d-balance (residual individual)","gsynth",10.8060494916054,0.236770857989902,10.2656681824902,10.2656681824902,200,200
"time_series","NN=200;a=0.9;I=1","aug-d-balance (residual individual)","ife",11.4201392084345,0.251917182377878,10.8471891488104,10.8471891488104,200,200
"time_series","NN=200;a=0.9;I=1","aug-d-balance (residual individual)","MCPanel",31.6080774228128,0.319463326933849,31.2796804778774,31.2796804778774,200,200
"time_series","NN=200;a=0.9;I=1","aug-d-balance (residual individual)","VAR",5.75666432042006,0.103996528204502,5.56617760263621,5.56617760263621,200,200
"time_series","NN=200;a=0.9;I=1","aug-d-balance (residual)","arima",1.58996737921696,0.0915951540831951,0.563773053217349,1.2215712540459,200,200
"time_series","NN=200;a=0.9;I=1","aug-d-balance (residual)","fe",8.14658358476689,0.184459437121435,7.70057495462632,7.70057495462632,200,200
"time_series","NN=200;a=0.9;I=1","aug-d-balance (residual)","gsynth",11.3075054681895,0.249507029299877,10.735911409949,10.735911409949,200,200
"time_series","NN=200;a=0.9;I=1","aug-d-balance (residual)","ife",11.7492844509237,0.258150301588903,11.1653429452578,11.1653429452578,200,200
"time_series","NN=200;a=0.9;I=1","aug-d-balance (residual)","MCPanel",31.4487639689468,0.318992937257669,31.1198296603485,31.1198296603485,200,200
"time_series","NN=200;a=0.9;I=1","aug-d-balance (residual)","VAR",5.73898673673453,0.104285990983711,5.54703607887725,5.54703607887725,200,200
"time_series","NN=200;a=0.9;I=1","d-balance","arima",8.14843063964592,0.184434899624341,7.70266093446854,7.70266093446854,200,200
"time_series","NN=200;a=0.9;I=1","d-balance","fe",8.14843063964592,0.184434899624341,7.70266093446854,7.70266093446854,200,200
"time_series","NN=200;a=0.9;I=1","d-balance","gsynth",8.14843063964592,0.184434899624341,7.70266093446854,7.70266093446854,200,200
"time_series","NN=200;a=0.9;I=1","d-balance","ife",8.14843063964592,0.184434899624341,7.70266093446854,7.70266093446854,200,200
"time_series","NN=200;a=0.9;I=1","d-balance","MCPanel",8.14843063964592,0.184434899624341,7.70266093446854,7.70266093446854,200,200
"time_series","NN=200;a=0.9;I=1","d-balance","VAR",8.14843063964592,0.184434899624341,7.70266093446854,7.70266093446854,200,200
"time_series","NN=200;a=0.9;I=1","outcome","arima",1.59153559789212,0.0923739781194128,0.580202005357172,1.21997783252192,200,200
"time_series","NN=200;a=0.9;I=1","outcome","fe",63.0480351757966,0.438777388664393,62.7393165758882,62.7393165758882,200,200
"time_series","NN=200;a=0.9;I=1","outcome","gsynth",11.6845287110186,0.259499374840584,11.0873200430022,11.0873200430022,200,200
"time_series","NN=200;a=0.9;I=1","outcome","ife",11.9852579092914,0.263642584703451,11.3891734341862,11.3891734341862,200,200
"time_series","NN=200;a=0.9;I=1","outcome","MCPanel",31.7702052079174,0.320331972440823,31.4415960576043,31.4415960576043,200,200
"time_series","NN=200;a=0.9;I=1","outcome","VAR",5.85462572941838,0.103696327527557,5.66806264913831,5.66806264913831,200,200
"time_series","NN=200;a=0.9;I=1","u-balance","arima",11.1358359639416,0.239569322985956,10.6018460513274,10.6018460513274,200,200
"time_series","NN=200;a=0.9;I=1","u-balance","fe",11.1358359639416,0.239569322985956,10.6018460513274,10.6018460513274,200,200
"time_series","NN=200;a=0.9;I=1","u-balance","gsynth",11.1358359639416,0.239569322985956,10.6018460513274,10.6018460513274,200,200
"time_series","NN=200;a=0.9;I=1","u-balance","ife",11.1358359639416,0.239569322985956,10.6018460513274,10.6018460513274,200,200
"time_series","NN=200;a=0.9;I=1","u-balance","MCPanel",11.1358359639416,0.239569322985956,10.6018460513274,10.6018460513274,200,200
"time_series","NN=200;a=0.9;I=1","u-balance","VAR",11.1358359639416,0.239569322985956,10.6018460513274,10.6018460513274,200,200
"synthetic_control","NN=200;active=0.1;unitb=ridge","aug-d-balance","fe",0.141951676601006,0.00839138797442586,0.0510129292754615,0.109512698259912,200,200
"synthetic_control","NN=200;active=0.1;unitb=ridge","aug-d-balance","gsynth",0.130354351264367,0.00810794884423433,0.0157667109926777,0.10130214561192,200,200
"synthetic_control","NN=200;active=0.1;unitb=ridge","aug-d-balance","ife",0.167891252729321,0.0119383230622045,0.0490371200709339,0.125387566523463,200,200
"synthetic_control","NN=200;active=0.1;unitb=ridge","aug-d-balance","MCPanel",0.149466190870751,0.0087267126115996,0.0803345981677733,0.115515595911112,200,200
"synthetic_control","NN=200;active=0.1;unitb=ridge","aug-d-balance","VAR",0.807057879208819,0.0240642424090528,0.723107978791978,0.732483886315215,200,200
"synthetic_control","NN=200;active=0.1;unitb=ridge","aug-d-balance (individual)","fe",0.13077551390257,0.00776580417847172,0.037936423266881,0.101070156818785,200,200
"synthetic_control","NN=200;active=0.1;unitb=ridge","aug-d-balance (individual)","gsynth",0.124841789151666,0.0078570282988866,0.0155461445421868,0.0973746541824204,200,200
"synthetic_control","NN=200;active=0.1;unitb=ridge","aug-d-balance (individual)","ife",0.164926945327864,0.0122043343781563,0.0484917235694494,0.122534370623435,200,200
"synthetic_control","NN=200;active=0.1;unitb=ridge","aug-d-balance (individual)","MCPanel",0.145475255431414,0.00847387471731782,0.0781744628834735,0.111854337112899,200,200
"synthetic_control","NN=200;active=0.1;unitb=ridge","aug-d-balance (individual)","VAR",0.80288450037724,0.0238139735735008,0.720284144773703,0.729353745053572,200,200
"synthetic_control","NN=200;active=0.1;unitb=ridge","aug-d-balance (residual individual)","fe",0.130730388130052,0.00776289879270573,0.037855714726606,0.101038815630937,200,200
"synthetic_control","NN=200;active=0.1;unitb=ridge","aug-d-balance (residual individual)","gsynth",0.0896960925247368,0.00503825081366577,0.00741514357595872,0.0697212744349267,200,200
"synthetic_control","NN=200;active=0.1;unitb=ridge","aug-d-balance (residual individual)","ife",0.137523621522409,0.0132915005259173,0.036474968626275,0.0941723154893525,200,200
"synthetic_control","NN=200;active=0.1;unitb=ridge","aug-d-balance (residual individual)","MCPanel",0.298891442972635,0.0114209296202019,0.256437935679106,0.259893379206994,200,200
"synthetic_control","NN=200;active=0.1;unitb=ridge","aug-d-balance (residual individual)","VAR",0.871559545115635,0.0242102538869012,0.792010287156531,0.799564770251923,200,200
"synthetic_control","NN=200;active=0.1;unitb=ridge","aug-d-balance (residual)","fe",0.141685138846855,0.00837978851927214,0.0505680852538512,0.109312480188777,200,200
"synthetic_control","NN=200;active=0.1;unitb=ridge","aug-d-balance (residual)","gsynth",0.0890625286124508,0.00499509365731794,0.00609263890386847,0.0697926548617197,200,200
"synthetic_control","NN=200;active=0.1;unitb=ridge","aug-d-balance (residual)","ife",0.136984346142417,0.0132418204196535,0.0356577790656325,0.0937894383376528,200,200
"synthetic_control","NN=200;active=0.1;unitb=ridge","aug-d-balance (residual)","MCPanel",0.285229261849719,0.0112117542372539,0.242239422627814,0.246039032567108,200,200
"synthetic_control","NN=200;active=0.1;unitb=ridge","aug-d-balance (residual)","VAR",0.863122422979782,0.0239448292411604,0.784696396341557,0.791756128858123,200,200
"synthetic_control","NN=200;active=0.1;unitb=ridge","d-balance","fe",0.141951676601197,0.00839138797447238,0.0510129292754927,0.109512698259757,200,200
"synthetic_control","NN=200;active=0.1;unitb=ridge","d-balance","gsynth",0.141951676601197,0.00839138797447238,0.0510129292754927,0.109512698259757,200,200
"synthetic_control","NN=200;active=0.1;unitb=ridge","d-balance","ife",0.141951676601197,0.00839138797447238,0.0510129292754927,0.109512698259757,200,200
"synthetic_control","NN=200;active=0.1;unitb=ridge","d-balance","MCPanel",0.141951676601197,0.00839138797447238,0.0510129292754927,0.109512698259757,200,200
"synthetic_control","NN=200;active=0.1;unitb=ridge","d-balance","VAR",0.141951676601197,0.00839138797447238,0.0510129292754927,0.109512698259757,200,200
"synthetic_control","NN=200;active=0.1;unitb=ridge","outcome","fe",1.77700556060211,0.0455627743593644,1.63359500305828,1.64378709033766,200,200
"synthetic_control","NN=200;active=0.1;unitb=ridge","outcome","gsynth",0.0895492153332582,0.00489696708963688,0.00845459671802832,0.0702294281710361,200,200
"synthetic_control","NN=200;active=0.1;unitb=ridge","outcome","ife",0.137017813995058,0.0131766588327799,0.0372444231085061,0.0942069669975883,200,200
"synthetic_control","NN=200;active=0.1;unitb=ridge","outcome","MCPanel",0.326462648519482,0.0117259724843372,0.284811415808256,0.288253048348813,200,200
"synthetic_control","NN=200;active=0.1;unitb=ridge","outcome","VAR",1.20130904552179,0.0311629859032136,1.10144082282887,1.11106593993831,200,200
"synthetic_control","NN=200;active=0.1;unitb=ridge","u-balance","fe",0.203745269194042,0.00956387659007293,0.160522389778519,0.16807028326373,200,200
"synthetic_control","NN=200;active=0.1;unitb=ridge","u-balance","gsynth",0.203745269194042,0.00956387659007293,0.160522389778519,0.16807028326373,200,200
"synthetic_control","NN=200;active=0.1;unitb=ridge","u-balance","ife",0.203745269194042,0.00956387659007293,0.160522389778519,0.16807028326373,200,200
"synthetic_control","NN=200;active=0.1;unitb=ridge","u-balance","MCPanel",0.203745269194042,0.00956387659007293,0.160522389778519,0.16807028326373,200,200
"synthetic_control","NN=200;active=0.1;unitb=ridge","u-balance","VAR",0.203745269194042,0.00956387659007293,0.160522389778519,0.16807028326373,200,200
"synthetic_control","NN=200;active=0.1;unitb=penSCM","aug-d-balance","fe",0.112501295901475,0.00647699050710275,0.0172540960559273,0.0893928950360761,200,200
"synthetic_control","NN=200;active=0.1;unitb=penSCM","aug-d-balance","gsynth",0.108592874365156,0.00648052365530297,0.0147668816934897,0.0855273280950635,200,200
"synthetic_control","NN=200;active=0.1;unitb=penSCM","aug-d-balance","ife",0.149068968986088,0.0124804344938829,0.0462856143406037,0.107190823197658,200,200
"synthetic_control","NN=200;active=0.1;unitb=penSCM","aug-d-balance","MCPanel",0.127098853479582,0.00666962403584016,0.0600599475860738,0.0990507879398197,200,200
"synthetic_control","NN=200;active=0.1;unitb=penSCM","aug-d-balance","VAR",0.785572290286662,0.0223142785051043,0.712903791546457,0.719989831314954,200,200
"synthetic_control","NN=200;active=0.1;unitb=penSCM","aug-d-balance (individual)","fe",0.128621419215134,0.00755484574763323,0.0312942206782808,0.0993033487885963,200,200
"synthetic_control","NN=200;active=0.1;unitb=penSCM","aug-d-balance (individual)","gsynth",0.124209037302802,0.00771701712049358,0.0159215172905418,0.0964956468438445,200,200
"synthetic_control","NN=200;active=0.1;unitb=penSCM","aug-d-balance (individual)","ife",0.165468116952677,0.0125038169608371,0.0486075736463524,0.121249018381093,200,200
"synthetic_control","NN=200;active=0.1;unitb=penSCM","aug-d-balance (individual)","MCPanel",0.144764521197608,0.0084012167455352,0.0764372428808829,0.110559579785079,200,200
"synthetic_control","NN=200;active=0.1;unitb=penSCM","aug-d-balance (individual)","VAR",0.800008555157493,0.0236754805700576,0.718371633471332,0.727005769918229,200,200
"synthetic_control","NN=200;active=0.1;unitb=penSCM","aug-d-balance (residual individual)","fe",0.128611246209558,0.00755612685629361,0.0313677541850979,0.0992821363165347,200,200
"synthetic_control","NN=200;active=0.1;unitb=penSCM","aug-d-balance (residual individual)","gsynth",0.0897794381119989,0.00513398074869822,0.00771432608778998,0.0695441441437245,200,200
"synthetic_control","NN=200;active=0.1;unitb=penSCM","aug-d-balance (residual individual)","ife",0.137624923070499,0.0133062552122236,0.0368797832954771,0.0941746600503587,200,200
"synthetic_control","NN=200;active=0.1;unitb=penSCM","aug-d-balance (residual individual)","MCPanel",0.29815613817437,0.0114627800250006,0.255001904707612,0.25852937460727,200,200
"synthetic_control","NN=200;active=0.1;unitb=penSCM","aug-d-balance (residual individual)","VAR",0.85513167221615,0.0238657442986095,0.776672972012844,0.783658449992559,200,200
"synthetic_control","NN=200;active=0.1;unitb=penSCM","aug-d-balance (residual)","fe",0.111706570343458,0.00643162087207382,0.0179963922841649,0.0885126168564907,200,200
"synthetic_control","NN=200;active=0.1;unitb=penSCM","aug-d-balance (residual)","gsynth",0.0892053775032552,0.00502523857042152,0.00636363335153461,0.0699120344757835,200,200
"synthetic_control","NN=200;active=0.1;unitb=penSCM","aug-d-balance (residual)","ife",0.136847101854368,0.0131559333371476,0.0360148766413182,0.0942975482016574,200,200
"synthetic_control","NN=200;active=0.1;unitb=penSCM","aug-d-balance (residual)","MCPanel",0.27878289005865,0.0109997732791298,0.232489741267422,0.237313313369271,200,200
"synthetic_control","NN=200;active=0.1;unitb=penSCM","aug-d-balance (residual)","VAR",0.79581657553051,0.0225732946292325,0.721764454868223,0.728800774639331,200,200
"synthetic_control","NN=200;active=0.1;unitb=penSCM","d-balance","fe",0.112501295904272,0.00647699050732551,0.0172540960549211,0.0893928950382026,200,200
"synthetic_control","NN=200;active=0.1;unitb=penSCM","d-balance","gsynth",0.112501295904272,0.00647699050732551,0.0172540960549211,0.0893928950382026,200,200
"synthetic_control","NN=200;active=0.1;unitb=penSCM","d-balance","ife",0.112501295904272,0.00647699050732551,0.0172540960549211,0.0893928950382026,200,200
"synthetic_control","NN=200;active=0.1;unitb=penSCM","d-balance","MCPanel",0.112501295904272,0.00647699050732551,0.0172540960549211,0.0893928950382026,200,200
"synthetic_control","NN=200;active=0.1;unitb=penSCM","d-balance","VAR",0.112501295904272,0.00647699050732551,0.0172540960549211,0.0893928950382026,200,200
"synthetic_control","NN=200;active=0.1;unitb=penSCM","outcome","fe",1.77700556060211,0.0455627743593644,1.63359500305828,1.64378709033766,200,200
"synthetic_control","NN=200;active=0.1;unitb=penSCM","outcome","gsynth",0.0895492153332582,0.00489696708963688,0.00845459671802832,0.0702294281710361,200,200
"synthetic_control","NN=200;active=0.1;unitb=penSCM","outcome","ife",0.137017813995058,0.0131766588327799,0.0372444231085061,0.0942069669975883,200,200
"synthetic_control","NN=200;active=0.1;unitb=penSCM","outcome","MCPanel",0.326462648519482,0.0117259724843372,0.284811415808256,0.288253048348813,200,200
"synthetic_control","NN=200;active=0.1;unitb=penSCM","outcome","VAR",1.20130904552179,0.0311629859032136,1.10144082282887,1.11106593993831,200,200
"synthetic_control","NN=200;active=0.1;unitb=penSCM","u-balance","fe",0.105779974585096,0.0057624454777929,0.0197164148914823,0.0831301159160626,200,200
"synthetic_control","NN=200;active=0.1;unitb=penSCM","u-balance","gsynth",0.105779974585096,0.0057624454777929,0.0197164148914823,0.0831301159160626,200,200
"synthetic_control","NN=200;active=0.1;unitb=penSCM","u-balance","ife",0.105779974585096,0.0057624454777929,0.0197164148914823,0.0831301159160626,200,200
"synthetic_control","NN=200;active=0.1;unitb=penSCM","u-balance","MCPanel",0.105779974585096,0.0057624454777929,0.0197164148914823,0.0831301159160626,200,200
"synthetic_control","NN=200;active=0.1;unitb=penSCM","u-balance","VAR",0.105779974585096,0.0057624454777929,0.0197164148914823,0.0831301159160626,200,200
"synthetic_control","NN=200;active=0.5;unitb=ridge","aug-d-balance","fe",0.14878106336035,0.00705829931160141,0.0388777880971082,0.120720186221646,200,200
"synthetic_control","NN=200;active=0.5;unitb=ridge","aug-d-balance","gsynth",0.145918227085952,0.00679759817343723,0.0118891679038211,0.117881131899303,200,200
"synthetic_control","NN=200;active=0.5;unitb=ridge","aug-d-balance","ife",0.167827174569176,0.0138786788281072,0.0318260694381821,0.124954555791696,200,200
"synthetic_control","NN=200;active=0.5;unitb=ridge","aug-d-balance","MCPanel",0.144021925522836,0.00711740416676468,0.0583632251022944,0.117394277019658,200,200
"synthetic_control","NN=200;active=0.5;unitb=ridge","aug-d-balance","VAR",0.5986925370157,0.0133943611497516,0.568646744153267,0.568646744153267,200,200
"synthetic_control","NN=200;active=0.5;unitb=ridge","aug-d-balance (individual)","fe",0.141769449829449,0.00676739000823868,0.0291974199812393,0.115312894341418,200,200
"synthetic_control","NN=200;active=0.5;unitb=ridge","aug-d-balance (individual)","gsynth",0.140890739583145,0.00663835828827735,0.01026312090149,0.113820733113499,200,200
"synthetic_control","NN=200;active=0.5;unitb=ridge","aug-d-balance (individual)","ife",0.164334382369917,0.014079261015531,0.0303504430667914,0.121326359852139,200,200
"synthetic_control","NN=200;active=0.5;unitb=ridge","aug-d-balance (individual)","MCPanel",0.140329113629235,0.00701240878703087,0.0561065858361125,0.114383439567273,200,200
"synthetic_control","NN=200;active=0.5;unitb=ridge","aug-d-balance (individual)","VAR",0.59399445029894,0.0128604917826071,0.566290366443007,0.566290366443007,200,200
"synthetic_control","NN=200;active=0.5;unitb=ridge","aug-d-balance (residual individual)","fe",0.141743155315307,0.00676600031292093,0.0291242873741929,0.115292601814127,200,200
"synthetic_control","NN=200;active=0.5;unitb=ridge","aug-d-balance (residual individual)","gsynth",0.0986394395913206,0.00478377173029277,-0.00438723036949397,0.0798870073446116,200,200
"synthetic_control","NN=200;active=0.5;unitb=ridge","aug-d-balance (residual individual)","ife",0.133282810779822,0.0163769376352221,0.0118973869690171,0.0930676090971206,200,200
"synthetic_control","NN=200;active=0.5;unitb=ridge","aug-d-balance (residual individual)","MCPanel",0.209760427171472,0.00637771122113357,0.186418309212153,0.18826664387608,200,200
"synthetic_control","NN=200;active=0.5;unitb=ridge","aug-d-balance (residual individual)","VAR",0.636461225257722,0.010040736515909,0.620635850916295,0.620635850916295,200,200
"synthetic_control","NN=200;active=0.5;unitb=ridge","aug-d-balance (residual)","fe",0.148594786766781,0.00704788474923493,0.038518815183408,0.120579339966343,200,200
"synthetic_control","NN=200;active=0.5;unitb=ridge","aug-d-balance (residual)","gsynth",0.100801474500473,0.00487013346621062,-0.00261012162062212,0.0815318870144314,200,200
"synthetic_control","NN=200;active=0.5;unitb=ridge","aug-d-balance (residual)","ife",0.133873439520284,0.0163595387817454,0.0134781517488341,0.0932687837623504,200,200
"synthetic_control","NN=200;active=0.5;unitb=ridge","aug-d-balance (residual)","MCPanel",0.202758161283638,0.00642306294563307,0.177208000013705,0.180126994701246,200,200
"synthetic_control","NN=200;active=0.5;unitb=ridge","aug-d-balance (residual)","VAR",0.633404821212727,0.0101046100420409,0.617401768937022,0.617401768937022,200,200
"synthetic_control","NN=200;active=0.5;unitb=ridge","d-balance","fe",0.148781063360446,0.00705829931157967,0.0388777880972886,0.12072018622175,200,200
"synthetic_control","NN=200;active=0.5;unitb=ridge","d-balance","gsynth",0.148781063360446,0.00705829931157967,0.0388777880972886,0.12072018622175,200,200
"synthetic_control","NN=200;active=0.5;unitb=ridge","d-balance","ife",0.148781063360446,0.00705829931157967,0.0388777880972886,0.12072018622175,200,200
"synthetic_control","NN=200;active=0.5;unitb=ridge","d-balance","MCPanel",0.148781063360446,0.00705829931157967,0.0388777880972886,0.12072018622175,200,200
"synthetic_control","NN=200;active=0.5;unitb=ridge","d-balance","VAR",0.148781063360446,0.00705829931157967,0.0388777880972886,0.12072018622175,200,200
"synthetic_control","NN=200;active=0.5;unitb=ridge","outcome","fe",1.28453842426147,0.0122892996296684,1.2727962381633,1.2727962381633,200,200
"synthetic_control","NN=200;active=0.5;unitb=ridge","outcome","gsynth",0.0972589444094576,0.00460303023234443,-0.00441716502492715,0.0789037159661635,200,200
"synthetic_control","NN=200;active=0.5;unitb=ridge","outcome","ife",0.131831093413976,0.0160483445213149,0.0114434303369792,0.0920916764762807,200,200
"synthetic_control","NN=200;active=0.5;unitb=ridge","outcome","MCPanel",0.229235661250974,0.00624412471539585,0.209480557630634,0.209914026662774,200,200
"synthetic_control","NN=200;active=0.5;unitb=ridge","outcome","VAR",0.882031810840429,0.0102970041834986,0.870138283113261,0.870138283113261,200,200
"synthetic_control","NN=200;active=0.5;unitb=ridge","u-balance","fe",0.139935996778355,0.00569745064572844,0.104341750027052,0.116268680270498,200,200
"synthetic_control","NN=200;active=0.5;unitb=ridge","u-balance","gsynth",0.139935996778355,0.00569745064572844,0.104341750027052,0.116268680270498,200,200
"synthetic_control","NN=200;active=0.5;unitb=ridge","u-balance","ife",0.139935996778355,0.00569745064572844,0.104341750027052,0.116268680270498,200,200
"synthetic_control","NN=200;active=0.5;unitb=ridge","u-balance","MCPanel",0.139935996778355,0.00569745064572844,0.104341750027052,0.116268680270498,200,200
"synthetic_control","NN=200;active=0.5;unitb=ridge","u-balance","VAR",0.139935996778355,0.00569745064572844,0.104341750027052,0.116268680270498,200,200
"synthetic_control","NN=200;active=0.5;unitb=penSCM","aug-d-balance","fe",0.127711219928532,0.00608556091974397,-0.000121465088525997,0.103138506616107,200,200
"synthetic_control","NN=200;active=0.5;unitb=penSCM","aug-d-balance","gsynth",0.122596121681043,0.00604579726078146,-0.00140657537639526,0.0978528205317699,200,200
"synthetic_control","NN=200;active=0.5;unitb=penSCM","aug-d-balance","ife",0.151234230315425,0.01494730819991,0.0184155662407994,0.109795703893788,200,200
"synthetic_control","NN=200;active=0.5;unitb=penSCM","aug-d-balance","MCPanel",0.125617331498561,0.00623120416048478,0.0321950467797018,0.102869235402457,200,200
"synthetic_control","NN=200;active=0.5;unitb=penSCM","aug-d-balance","VAR",0.569727269099774,0.00982816069291351,0.552981066431232,0.552981066431232,200,200
"synthetic_control","NN=200;active=0.5;unitb=penSCM","aug-d-balance (individual)","fe",0.138582126473995,0.00668996381056879,0.0243548003216024,0.111323491360982,200,200
"synthetic_control","NN=200;active=0.5;unitb=penSCM","aug-d-balance (individual)","gsynth",0.137970200224291,0.00662077492076376,0.0103527192352657,0.11057860651028,200,200
"synthetic_control","NN=200;active=0.5;unitb=penSCM","aug-d-balance (individual)","ife",0.1626987424926,0.01407027522491,0.0303276767100728,0.118906119405039,200,200
"synthetic_control","NN=200;active=0.5;unitb=penSCM","aug-d-balance (individual)","MCPanel",0.138376995766159,0.00695288088212141,0.0547675797367108,0.112213050935914,200,200
"synthetic_control","NN=200;active=0.5;unitb=penSCM","aug-d-balance (individual)","VAR",0.59295936627996,0.0125779033331229,0.5664603274777,0.5664603274777,200,200
"synthetic_control","NN=200;active=0.5;unitb=penSCM","aug-d-balance (residual individual)","fe",0.138610597404664,0.00669075247339636,0.0244058103492605,0.111358150799096,200,200
"synthetic_control","NN=200;active=0.5;unitb=penSCM","aug-d-balance (residual individual)","gsynth",0.0992120841874839,0.00478841508927489,-0.00390037507886925,0.0804599615681393,200,200
"synthetic_control","NN=200;active=0.5;unitb=penSCM","aug-d-balance (residual individual)","ife",0.133120866856483,0.0165314862167898,0.0121942026315046,0.0930385230245684,200,200
"synthetic_control","NN=200;active=0.5;unitb=penSCM","aug-d-balance (residual individual)","MCPanel",0.209122632907855,0.00660394761255963,0.185086185652669,0.186842911162534,200,200
"synthetic_control","NN=200;active=0.5;unitb=penSCM","aug-d-balance (residual individual)","VAR",0.625495587485443,0.00998425836252322,0.609694114762288,0.609694114762288,200,200
"synthetic_control","NN=200;active=0.5;unitb=penSCM","aug-d-balance (residual)","fe",0.128274234979419,0.00614137749798446,-0.000434175801638009,0.102912410901469,200,200
"synthetic_control","NN=200;active=0.5;unitb=penSCM","aug-d-balance (residual)","gsynth",0.0985277900039569,0.00477448804477078,-0.00435972569701568,0.0797070967370113,200,200
"synthetic_control","NN=200;active=0.5;unitb=penSCM","aug-d-balance (residual)","ife",0.132768866909635,0.0162591314586092,0.012221480458256,0.0927807593380652,200,200
"synthetic_control","NN=200;active=0.5;unitb=penSCM","aug-d-balance (residual)","MCPanel",0.20222392357109,0.00681491586596724,0.170264780691583,0.176893886773811,200,200
"synthetic_control","NN=200;active=0.5;unitb=penSCM","aug-d-balance (residual)","VAR",0.577413903352158,0.0095437540454443,0.561526598865208,0.561526598865208,200,200
"synthetic_control","NN=200;active=0.5;unitb=penSCM","d-balance","fe",0.12771121992978,0.00608556091977426,-0.000121465087131314,0.10313850661689,200,200
"synthetic_control","NN=200;active=0.5;unitb=penSCM","d-balance","gsynth",0.12771121992978,0.00608556091977426,-0.000121465087131314,0.10313850661689,200,200
"synthetic_control","NN=200;active=0.5;unitb=penSCM","d-balance","ife",0.12771121992978,0.00608556091977426,-0.000121465087131314,0.10313850661689,200,200
"synthetic_control","NN=200;active=0.5;unitb=penSCM","d-balance","MCPanel",0.12771121992978,0.00608556091977426,-0.000121465087131314,0.10313850661689,200,200
"synthetic_control","NN=200;active=0.5;unitb=penSCM","d-balance","VAR",0.12771121992978,0.00608556091977426,-0.000121465087131314,0.10313850661689,200,200
"synthetic_control","NN=200;active=0.5;unitb=penSCM","outcome","fe",1.28453842426147,0.0122892996296684,1.2727962381633,1.2727962381633,200,200
"synthetic_control","NN=200;active=0.5;unitb=penSCM","outcome","gsynth",0.0972589444094576,0.00460303023234443,-0.00441716502492715,0.0789037159661635,200,200
"synthetic_control","NN=200;active=0.5;unitb=penSCM","outcome","ife",0.131831093413976,0.0160483445213149,0.0114434303369792,0.0920916764762807,200,200
"synthetic_control","NN=200;active=0.5;unitb=penSCM","outcome","MCPanel",0.229235661250974,0.00624412471539585,0.209480557630634,0.209914026662774,200,200
"synthetic_control","NN=200;active=0.5;unitb=penSCM","outcome","VAR",0.882031810840429,0.0102970041834986,0.870138283113261,0.870138283113261,200,200
"synthetic_control","NN=200;active=0.5;unitb=penSCM","u-balance","fe",0.118384689457023,0.00565917061405248,0.000956076875518156,0.0960953070249504,200,200
"synthetic_control","NN=200;active=0.5;unitb=penSCM","u-balance","gsynth",0.118384689457023,0.00565917061405248,0.000956076875518156,0.0960953070249504,200,200
"synthetic_control","NN=200;active=0.5;unitb=penSCM","u-balance","ife",0.118384689457023,0.00565917061405248,0.000956076875518156,0.0960953070249504,200,200
"synthetic_control","NN=200;active=0.5;unitb=penSCM","u-balance","MCPanel",0.118384689457023,0.00565917061405248,0.000956076875518156,0.0960953070249504,200,200
"synthetic_control","NN=200;active=0.5;unitb=penSCM","u-balance","VAR",0.118384689457023,0.00565917061405248,0.000956076875518156,0.0960953070249504,200,200
